time_utc,wind_speed_10m@pd2,wind_speed_10m@pd3,wind_direction_10m@pd2,wind_direction_10m@pd3,wind_speed_100m@pd2,wind_speed_100m@pd3,wind_direction_100m@pd2,wind_direction_100m@pd3,wind_gusts_10m@pd2,wind_gusts_10m@pd3,temperature_2m@pd2,temperature_2m@pd3,surface_pressure@pd2,surface_pressure@pd3,relative_humidity_2m@pd2,relative_humidity_2m@pd3
2025-06-01 00:00:00+00:00,4.18,6.04,228.0,243.0,7.36,9.73,245.0,253.0,6.6,9.2,18.8,17.1,950.7,950.9,36.0,50.0
2025-06-01 01:00:00+00:00,4.36,5.73,238.0,245.0,7.13,8.68,249.0,254.0,6.7,9.1,19.0,17.3,951.0,951.2,37.0,50.0
2025-06-01 02:00:00+00:00,5.48,5.69,255.0,252.0,6.75,7.04,257.0,254.0,8.5,8.8,19.3,17.7,951.7,951.7,39.0,50.0
2025-06-01 03:00:00+00:00,6.71,5.44,260.0,253.0,8.23,6.33,261.0,254.0,10.3,8.8,19.5,18.0,952.1,952.0,41.0,51.0
2025-06-01 04:00:00+00:00,7.17,5.29,262.0,255.0,8.62,5.99,262.0,255.0,11.5,8.4,18.7,18.7,952.4,952.3,48.0,48.0
2025-06-01 05:00:00+00:00,6.07,5.54,261.0,263.0,7.04,6.06,261.0,261.0,11.1,8.6,18.2,19.9,952.6,952.5,52.0,45.0
2025-06-01 06:00:00+00:00,7.54,9.7,264.0,269.0,8.68,11.46,264.0,269.0,12.0,15.6,21.4,21.9,951.8,952.1,35.0,34.0
2025-06-01 07:00:00+00:00,8.41,9.81,267.0,272.0,9.82,11.56,266.0,271.0,13.5,15.7,20.9,21.7,952.0,951.9,39.0,36.0
2025-06-01 08:00:00+00:00,8.41,9.61,268.0,273.0,9.81,11.57,267.0,272.0,13.4,15.7,20.5,21.0,952.1,951.8,41.0,40.0
2025-06-01 09:00:00+00:00,8.13,8.5,265.0,271.0,9.44,10.09,265.0,271.0,13.4,15.4,20.7,20.7,952.0,952.0,41.0,43.0
2025-06-01 10:00:00+00:00,7.68,7.62,262.0,266.0,9.02,8.83,261.0,267.0,12.9,13.5,20.6,21.2,951.9,952.1,41.0,42.0
2025-06-01 11:00:00+00:00,7.14,7.13,259.0,265.0,8.4,8.26,259.0,265.0,12.2,12.0,20.5,21.9,951.8,952.0,40.0,39.0
2025-06-01 12:00:00+00:00,9.82,8.12,266.0,280.0,12.17,9.86,267.0,280.0,15.8,12.8,20.7,24.8,951.9,950.2,43.0,24.0
2025-06-01 13:00:00+00:00,8.94,8.22,260.0,273.0,11.34,10.52,260.0,275.0,15.5,12.9,19.6,24.0,952.1,950.4,48.0,27.0
2025-06-01 14:00:00+00:00,7.88,7.84,246.0,264.0,10.37,10.8,248.0,266.0,13.9,12.9,19.0,22.7,952.4,950.6,49.0,35.0
2025-06-01 15:00:00+00:00,6.42,6.17,233.0,253.0,9.18,9.72,240.0,258.0,12.1,12.2,18.5,21.6,952.7,950.8,50.0,35.0
2025-06-01 16:00:00+00:00,4.74,4.83,222.0,246.0,7.81,9.2,240.0,256.0,9.7,9.3,18.3,21.1,952.7,950.9,50.0,35.0
2025-06-01 17:00:00+00:00,3.64,4.03,217.0,247.0,6.1,7.89,240.0,256.0,7.1,7.6,18.5,20.7,952.3,950.6,49.0,34.0
2025-06-01 18:00:00+00:00,3.16,2.73,215.0,204.0,5.6,4.59,237.0,220.0,5.8,4.8,20.3,19.1,952.2,951.4,44.0,51.0
2025-06-01 19:00:00+00:00,2.78,2.38,210.0,195.0,4.78,3.95,235.0,210.0,5.1,4.3,20.2,19.0,952.0,951.1,44.0,52.0
2025-06-01 20:00:00+00:00,2.56,2.04,211.0,191.0,4.51,3.46,236.0,205.0,4.4,3.7,20.0,18.9,951.9,951.0,45.0,53.0
2025-06-01 21:00:00+00:00,2.28,1.81,209.0,186.0,4.02,3.1,236.0,198.0,4.1,3.4,19.7,18.9,951.8,951.0,47.0,53.0
2025-06-01 22:00:00+00:00,2.06,1.51,209.0,188.0,3.61,2.57,237.0,198.0,3.6,3.0,19.4,18.9,951.8,951.2,47.0,54.0
2025-06-01 23:00:00+00:00,2.06,1.0,209.0,186.0,3.43,1.98,239.0,200.0,3.4,2.4,19.1,18.6,951.8,951.2,49.0,56.0
2025-06-02 00:00:00+00:00,2.11,1.53,211.0,122.0,3.64,2.25,243.0,90.0,3.9,2.4,19.1,15.8,951.8,951.1,47.0,59.0
2025-06-02 01:00:00+00:00,1.92,1.55,208.0,105.0,3.04,2.95,237.0,86.0,3.5,2.6,19.9,16.7,952.1,951.5,47.0,58.0
2025-06-02 02:00:00+00:00,2.02,2.16,237.0,77.0,2.26,3.45,236.0,83.0,3.1,3.6,21.2,18.7,952.4,951.8,41.0,52.0
2025-06-02 03:00:00+00:00,1.24,3.55,256.0,68.0,1.33,3.84,253.0,71.0,3.1,5.6,22.4,19.9,952.6,952.1,38.0,48.0
2025-06-02 04:00:00+00:00,1.14,3.96,285.0,69.0,1.29,4.12,279.0,72.0,2.8,6.4,23.6,21.1,952.2,951.9,34.0,47.0
2025-06-02 05:00:00+00:00,1.24,4.2,284.0,65.0,1.38,4.22,274.0,68.0,3.0,6.7,24.5,22.8,951.7,951.9,30.0,41.0
2025-06-02 06:00:00+00:00,0.54,2.06,22.0,29.0,0.4,2.07,14.0,31.0,1.7,4.4,24.9,24.1,951.4,951.1,30.0,34.0
2025-06-02 07:00:00+00:00,1.39,2.14,21.0,37.0,1.24,2.1,18.0,37.0,3.1,4.3,25.9,24.8,951.2,950.7,28.0,30.0
2025-06-02 08:00:00+00:00,2.06,2.55,14.0,48.0,2.0,2.5,11.0,48.0,4.1,4.7,26.9,25.6,950.7,950.1,26.0,26.0
2025-06-02 09:00:00+00:00,2.69,2.46,22.0,63.0,2.6,2.37,20.0,66.0,4.9,4.8,27.4,26.3,950.2,949.7,25.0,25.0
2025-06-02 10:00:00+00:00,2.73,2.18,24.0,74.0,2.68,2.21,24.0,77.0,5.1,4.6,27.5,26.7,949.7,949.2,25.0,24.0
2025-06-02 11:00:00+00:00,2.33,1.92,31.0,81.0,2.37,2.06,30.0,87.0,5.0,4.3,27.2,26.9,949.3,948.9,26.0,23.0
2025-06-02 12:00:00+00:00,2.53,4.46,261.0,74.0,2.69,4.54,260.0,76.0,4.3,7.4,26.0,24.9,949.5,949.3,27.0,38.0
2025-06-02 13:00:00+00:00,2.98,4.2,256.0,87.0,3.14,4.51,256.0,89.0,4.8,6.9,25.6,24.6,949.5,949.4,26.0,37.0
2025-06-02 14:00:00+00:00,2.92,3.9,248.0,90.0,3.57,4.82,249.0,95.0,4.8,6.6,24.8,24.1,949.4,949.2,29.0,38.0
2025-06-02 15:00:00+00:00,2.48,3.0,227.0,90.0,3.99,4.72,242.0,95.0,4.5,6.0,23.1,23.1,949.6,949.3,39.0,41.0
2025-06-02 16:00:00+00:00,2.31,2.53,198.0,99.0,3.75,4.43,221.0,95.0,4.1,4.6,21.9,22.2,949.7,949.3,45.0,44.0
2025-06-02 17:00:00+00:00,2.1,2.33,180.0,100.0,3.35,4.25,201.0,98.0,3.8,4.1,21.3,21.2,949.7,949.2,48.0,47.0
2025-06-02 18:00:00+00:00,1.73,1.55,190.0,105.0,2.94,2.75,210.0,92.0,3.1,2.5,21.0,21.0,949.8,949.0,50.0,40.0
2025-06-02 19:00:00+00:00,1.81,1.52,186.0,113.0,2.76,2.95,207.0,94.0,3.0,2.5,20.6,20.3,949.6,948.9,51.0,42.0
2025-06-02 20:00:00+00:00,1.8,1.43,183.0,115.0,2.32,2.87,208.0,98.0,2.9,2.5,20.4,19.6,949.6,948.7,52.0,46.0
2025-06-02 21:00:00+00:00,1.8,1.52,177.0,113.0,2.29,2.88,200.0,100.0,2.8,2.6,20.2,18.8,949.7,948.8,52.0,50.0
2025-06-02 22:00:00+00:00,1.41,1.58,172.0,108.0,2.0,2.97,191.0,98.0,2.8,2.7,19.9,18.3,949.6,948.6,53.0,53.0
2025-06-02 23:00:00+00:00,1.04,1.73,163.0,100.0,1.37,3.23,180.0,90.0,2.2,2.8,19.4,17.8,949.5,948.8,56.0,55.0
2025-06-03 00:00:00+00:00,1.08,1.61,146.0,120.0,1.47,2.81,176.0,102.0,2.2,2.8,19.0,17.4,949.2,949.0,63.0,53.0
2025-06-03 01:00:00+00:00,0.98,1.51,114.0,98.0,1.25,2.77,129.0,98.0,1.6,2.7,19.3,18.7,949.4,949.3,65.0,50.0
2025-06-03 02:00:00+00:00,1.51,2.38,82.0,75.0,2.06,3.04,93.0,86.0,2.4,3.8,20.7,20.9,949.9,949.9,63.0,43.0
2025-06-03 03:00:00+00:00,2.51,2.97,67.0,70.0,2.73,3.26,69.0,74.0,4.1,5.3,21.7,22.8,950.3,950.0,55.0,39.0
2025-06-03 04:00:00+00:00,2.82,3.76,67.0,61.0,3.04,3.9,69.0,65.0,4.8,6.2,22.8,24.7,950.4,950.0,49.0,34.0
2025-06-03 05:00:00+00:00,2.64,3.91,65.0,58.0,2.82,4.03,70.0,61.0,5.1,6.4,24.4,26.4,950.2,949.7,42.0,30.0
2025-06-03 06:00:00+00:00,3.04,3.2,46.0,51.0,3.06,3.15,50.0,54.0,5.4,5.9,26.3,27.8,949.7,948.8,33.0,27.0
2025-06-03 07:00:00+00:00,2.9,3.14,44.0,31.0,2.98,3.04,46.0,33.0,5.5,5.5,27.4,29.0,949.3,948.2,28.0,22.0
2025-06-03 08:00:00+00:00,2.26,3.13,45.0,27.0,2.22,3.11,49.0,28.0,5.3,5.7,28.5,29.7,948.7,947.7,24.0,19.0
2025-06-03 09:00:00+00:00,1.17,2.06,31.0,23.0,1.14,2.06,31.0,25.0,4.4,5.5,29.2,30.5,948.1,947.1,20.0,16.0
2025-06-03 10:00:00+00:00,1.17,1.87,329.0,344.0,1.14,1.86,329.0,342.0,2.9,4.1,29.5,30.7,947.6,946.6,19.0,15.0
2025-06-03 11:00:00+00:00,1.8,3.14,304.0,323.0,1.85,3.21,302.0,322.0,3.7,5.5,29.3,30.4,947.2,946.1,20.0,16.0
2025-06-03 12:00:00+00:00,2.75,2.91,280.0,297.0,2.88,3.07,280.0,297.0,4.3,4.8,29.7,29.6,946.7,946.5,18.0,19.0
2025-06-03 13:00:00+00:00,4.31,4.39,274.0,294.0,4.9,4.95,272.0,295.0,6.8,7.0,29.3,29.1,946.9,946.8,18.0,21.0
2025-06-03 14:00:00+00:00,4.41,4.32,266.0,283.0,6.58,6.04,266.0,283.0,7.5,7.3,27.9,28.1,947.1,947.1,19.0,22.0
2025-06-03 15:00:00+00:00,2.65,3.42,259.0,255.0,5.53,6.54,263.0,261.0,6.8,6.7,26.3,26.6,947.5,947.4,25.0,23.0
2025-06-03 16:00:00+00:00,1.98,2.97,225.0,228.0,3.8,5.96,258.0,243.0,4.4,5.5,25.1,25.3,947.7,947.6,29.0,26.0
2025-06-03 17:00:00+00:00,2.28,2.64,203.0,209.0,3.37,4.99,244.0,225.0,3.6,4.9,24.3,24.3,947.7,947.6,32.0,32.0
2025-06-03 18:00:00+00:00,2.33,1.7,205.0,183.0,4.12,2.91,245.0,213.0,4.2,3.3,23.9,24.1,947.6,947.5,30.0,31.0
2025-06-03 19:00:00+00:00,2.38,1.43,195.0,168.0,3.92,2.37,233.0,187.0,3.9,2.8,23.4,23.4,947.4,947.5,31.0,37.0
2025-06-03 20:00:00+00:00,2.22,1.48,188.0,152.0,3.69,2.14,220.0,164.0,3.9,2.2,23.0,22.7,947.4,947.6,34.0,42.0
2025-06-03 21:00:00+00:00,2.1,1.49,180.0,138.0,3.37,2.16,206.0,141.0,3.7,2.3,22.5,22.0,947.4,947.4,36.0,46.0
2025-06-03 22:00:00+00:00,1.84,1.5,167.0,127.0,2.95,2.18,184.0,126.0,3.3,2.4,22.1,21.2,947.2,947.2,37.0,48.0
2025-06-03 23:00:00+00:00,1.62,1.48,158.0,118.0,2.5,2.28,169.0,115.0,2.8,2.4,21.5,20.6,947.2,947.2,39.0,51.0
2025-06-04 00:00:00+00:00,1.48,1.61,152.0,120.0,2.46,2.5,157.0,116.0,2.5,2.6,21.2,20.4,947.3,947.3,45.0,49.0
2025-06-04 01:00:00+00:00,1.21,1.62,114.0,112.0,2.02,2.79,129.0,108.0,2.3,2.8,21.8,21.2,947.6,947.6,45.0,46.0
2025-06-04 02:00:00+00:00,2.01,2.2,84.0,87.0,2.55,3.25,92.0,95.0,3.3,3.7,23.6,22.9,947.9,947.9,41.0,40.0
2025-06-04 03:00:00+00:00,2.84,3.53,80.0,65.0,3.16,3.88,83.0,69.0,4.9,5.7,25.1,24.0,948.2,947.9,36.0,42.0
2025-06-04 04:00:00+00:00,3.62,4.75,62.0,60.0,3.73,5.08,67.0,62.0,6.0,7.5,26.9,25.2,948.0,947.8,31.0,40.0
2025-06-04 05:00:00+00:00,4.74,5.28,55.0,63.0,4.92,5.61,59.0,65.0,7.5,8.4,28.5,26.5,947.8,947.6,27.0,37.0
2025-06-04 06:00:00+00:00,4.94,6.19,58.0,59.0,5.04,6.58,61.0,62.0,7.9,10.0,29.8,29.0,947.2,947.5,23.0,29.0
2025-06-04 07:00:00+00:00,4.99,5.87,57.0,60.0,5.09,6.18,60.0,63.0,8.0,10.0,30.8,30.2,946.6,946.9,21.0,24.0
2025-06-04 08:00:00+00:00,4.53,5.11,59.0,59.0,4.65,5.3,62.0,62.0,7.9,9.3,31.5,31.1,946.0,946.2,19.0,20.0
2025-06-04 09:00:00+00:00,3.18,4.39,62.0,60.0,3.24,4.38,65.0,63.0,7.1,8.2,32.0,31.7,945.7,945.7,17.0,18.0
2025-06-04 10:00:00+00:00,2.39,3.09,57.0,65.0,2.41,3.13,63.0,70.0,5.5,6.9,32.1,32.1,945.1,945.1,17.0,17.0
2025-06-04 11:00:00+00:00,2.0,2.06,53.0,67.0,2.1,2.14,62.0,74.0,4.5,5.4,31.8,32.1,944.5,944.4,16.0,16.0
2025-06-04 12:00:00+00:00,2.05,2.33,43.0,80.0,2.01,2.55,47.0,86.0,3.9,5.2,32.7,32.7,943.8,943.8,13.0,12.0
2025-06-04 13:00:00+00:00,2.8,2.65,55.0,79.0,2.86,2.76,59.0,84.0,4.5,4.4,32.1,32.1,943.7,943.8,14.0,12.0
2025-06-04 14:00:00+00:00,3.72,3.26,66.0,72.0,4.77,4.19,71.0,79.0,5.7,5.1,31.3,31.4,944.0,943.9,16.0,13.0
2025-06-04 15:00:00+00:00,4.14,3.76,82.0,73.0,7.48,7.01,85.0,78.0,6.3,6.0,29.8,29.7,944.4,944.0,17.0,15.0
2025-06-04 16:00:00+00:00,3.52,3.44,105.0,98.0,6.99,7.21,105.0,97.0,6.5,6.1,28.8,28.5,944.5,944.1,21.0,20.0
2025-06-04 17:00:00+00:00,3.04,2.91,107.0,117.0,5.76,5.93,108.0,112.0,5.6,5.5,27.9,28.1,944.4,944.1,27.0,26.0
2025-06-04 18:00:00+00:00,0.71,1.72,188.0,126.0,1.47,3.29,53.0,120.0,1.5,3.2,22.3,26.4,944.0,944.9,45.0,25.0
2025-06-04 19:00:00+00:00,1.14,1.75,142.0,121.0,2.68,3.38,66.0,112.0,1.6,2.9,21.5,25.2,944.0,944.7,46.0,31.0
2025-06-04 20:00:00+00:00,1.35,2.2,132.0,120.0,3.56,4.13,82.0,112.0,2.1,3.7,21.3,24.6,943.9,944.5,45.0,34.0
2025-06-04 21:00:00+00:00,1.48,2.51,118.0,119.0,4.13,4.79,86.0,113.0,2.3,4.3,21.2,24.6,943.7,944.2,45.0,34.0
2025-06-04 22:00:00+00:00,1.75,2.1,103.0,115.0,4.62,4.17,85.0,114.0,2.7,4.2,21.0,24.0,943.7,944.0,46.0,35.0
2025-06-04 23:00:00+00:00,2.01,2.18,96.0,106.0,5.42,4.21,84.0,108.0,3.2,3.7,20.8,22.9,943.7,943.9,48.0,38.0
2025-06-05 00:00:00+00:00,2.62,1.66,83.0,123.0,6.85,3.15,81.0,116.0,4.2,3.1,21.8,22.6,943.9,943.5,52.0,47.0
2025-06-05 01:00:00+00:00,3.1,2.09,75.0,107.0,6.78,3.78,79.0,107.0,5.0,3.4,23.2,23.5,944.2,943.9,49.0,44.0
2025-06-05 02:00:00+00:00,5.32,2.9,64.0,88.0,6.84,3.93,66.0,94.0,9.0,4.8,25.3,25.6,944.8,944.2,42.0,37.0
2025-06-05 03:00:00+00:00,6.76,4.03,66.0,76.0,8.31,4.29,69.0,79.0,11.5,6.3,26.9,27.4,944.9,944.3,37.0,33.0
2025-06-05 04:00:00+00:00,7.0,4.81,68.0,73.0,8.46,5.16,70.0,76.0,12.1,7.7,28.8,29.4,944.7,944.2,32.0,28.0
2025-06-05 05:00:00+00:00,6.61,4.81,70.0,73.0,7.65,5.04,71.0,77.0,12.0,7.8,30.3,31.2,944.7,944.3,29.0,24.0
2025-06-05 06:00:00+00:00,6.07,6.26,73.0,77.0,6.92,6.67,74.0,80.0,11.7,10.1,31.5,32.5,944.6,943.5,26.0,23.0
2025-06-05 07:00:00+00:00,4.92,6.04,77.0,74.0,5.38,6.25,80.0,76.0,10.5,9.9,32.8,33.9,944.4,943.0,23.0,20.0
2025-06-05 08:00:00+00:00,2.79,4.0,69.0,53.0,2.82,3.8,70.0,55.0,8.5,9.5,34.0,35.0,944.2,942.5,19.0,17.0
2025-06-05 09:00:00+00:00,1.39,3.01,30.0,345.0,1.36,3.01,30.0,341.0,5.2,6.4,34.7,35.7,943.7,942.5,16.0,14.0
2025-06-05 10:00:00+00:00,1.42,5.92,309.0,300.0,1.61,6.31,308.0,298.0,3.4,9.3,35.1,36.1,943.3,942.5,14.0,13.0
2025-06-05 11:00:00+00:00,3.62,7.79,276.0,286.0,4.04,8.98,276.0,284.0,6.4,12.4,35.1,35.4,943.4,942.6,12.0,12.0
2025-06-05 12:00:00+00:00,2.2,5.53,273.0,283.0,2.55,6.28,272.0,281.0,4.2,8.7,34.7,34.5,943.5,943.0,11.0,11.0
2025-06-05 13:00:00+00:00,2.8,5.32,268.0,282.0,3.72,6.67,268.0,280.0,4.9,8.8,34.1,33.3,943.8,943.5,10.0,15.0
2025-06-05 14:00:00+00:00,2.32,3.54,263.0,278.0,5.01,5.85,273.0,279.0,4.8,8.2,31.8,32.1,944.2,943.8,13.0,19.0
2025-06-05 15:00:00+00:00,2.0,2.39,233.0,237.0,4.81,4.77,266.0,261.0,3.8,5.3,29.0,30.5,944.6,944.1,20.0,22.0
2025-06-05 16:00:00+00:00,2.19,2.59,204.0,208.0,4.35,4.43,247.0,235.0,3.6,4.3,26.7,29.3,944.7,944.3,25.0,26.0
2025-06-05 17:00:00+00:00,1.84,2.33,193.0,190.0,3.82,4.06,228.0,217.0,3.6,4.2,26.1,28.6,944.6,944.3,27.0,28.0
2025-06-05 18:00:00+00:00,2.09,2.25,197.0,201.0,4.32,5.41,231.0,228.0,3.8,4.1,24.8,25.6,945.0,944.5,38.0,34.0
2025-06-05 19:00:00+00:00,1.63,1.9,191.0,198.0,3.74,4.57,227.0,227.0,3.3,3.5,23.9,24.8,945.0,944.4,44.0,38.0
2025-06-05 20:00:00+00:00,1.4,1.43,176.0,205.0,2.47,3.49,214.0,232.0,2.6,3.0,23.0,24.3,945.0,944.4,46.0,39.0
2025-06-05 21:00:00+00:00,0.98,1.14,156.0,195.0,1.15,2.2,200.0,249.0,2.2,2.3,22.1,23.3,944.9,944.4,48.0,42.0
2025-06-05 22:00:00+00:00,1.28,1.34,129.0,153.0,1.47,0.75,90.0,157.0,2.0,2.2,21.2,22.1,944.9,944.4,52.0,47.0
2025-06-05 23:00:00+00:00,1.7,1.35,118.0,138.0,3.53,1.86,90.0,108.0,2.7,2.2,21.1,21.7,944.9,944.5,52.0,48.0
2025-06-06 00:00:00+00:00,2.11,1.81,95.0,96.0,5.24,4.29,82.0,79.0,3.5,2.8,21.5,21.7,946.7,944.8,54.0,49.0
2025-06-06 01:00:00+00:00,2.63,2.21,81.0,85.0,6.17,5.32,80.0,77.0,4.3,3.6,23.3,23.6,947.1,945.3,50.0,47.0
2025-06-06 02:00:00+00:00,4.66,3.9,67.0,67.0,7.11,6.02,75.0,74.0,7.9,6.6,25.9,26.2,947.7,945.9,41.0,40.0
2025-06-06 03:00:00+00:00,6.35,5.64,64.0,63.0,7.72,6.62,66.0,65.0,10.8,9.5,27.7,28.1,947.8,946.2,36.0,36.0
2025-06-06 04:00:00+00:00,7.07,6.35,65.0,62.0,8.61,7.58,67.0,63.0,12.2,10.9,29.7,30.1,947.6,946.2,30.0,30.0
2025-06-06 05:00:00+00:00,7.26,6.5,67.0,67.0,8.59,7.57,69.0,69.0,12.6,11.3,31.5,32.1,947.3,946.1,26.0,23.0
2025-06-06 06:00:00+00:00,6.45,4.11,66.0,64.0,7.6,4.39,68.0,66.0,11.8,8.3,33.7,34.2,946.9,946.5,20.0,20.0
2025-06-06 07:00:00+00:00,6.22,2.51,64.0,61.0,7.06,2.5,66.0,64.0,11.5,7.1,35.1,35.9,946.5,946.0,18.0,15.0
2025-06-06 08:00:00+00:00,5.73,1.28,65.0,39.0,6.5,1.25,67.0,39.0,10.9,4.8,36.0,36.9,946.1,945.5,15.0,13.0
2025-06-06 09:00:00+00:00,5.13,0.81,69.0,330.0,5.76,0.84,72.0,324.0,10.1,3.0,36.5,37.3,945.7,945.1,14.0,12.0
2025-06-06 10:00:00+00:00,4.44,1.79,67.0,297.0,4.8,1.93,70.0,294.0,9.1,3.9,36.8,37.5,945.5,944.9,14.0,11.0
2025-06-06 11:00:00+00:00,3.71,2.82,63.0,287.0,4.03,3.07,64.0,287.0,7.8,5.3,36.8,37.2,945.4,944.7,13.0,10.0
2025-06-06 12:00:00+00:00,3.62,1.34,62.0,333.0,4.12,1.5,62.0,328.0,6.9,2.9,36.8,37.4,944.9,944.3,12.0,10.0
2025-06-06 13:00:00+00:00,3.27,2.19,67.0,317.0,4.22,2.7,68.0,316.0,6.4,3.8,36.0,36.7,945.3,944.7,13.0,9.0
2025-06-06 14:00:00+00:00,2.79,2.28,75.0,293.0,5.82,4.89,77.0,303.0,5.6,3.9,34.1,34.3,945.4,945.1,15.0,11.0
2025-06-06 15:00:00+00:00,2.9,2.28,90.0,241.0,7.95,5.5,87.0,281.0,4.7,3.7,31.8,31.2,945.7,945.4,18.0,16.0
2025-06-06 16:00:00+00:00,2.33,2.38,121.0,202.0,7.37,4.82,104.0,246.0,4.7,4.0,30.0,28.8,945.9,945.6,22.0,21.0
2025-06-06 17:00:00+00:00,1.77,1.87,133.0,164.0,5.57,3.91,118.0,202.0,3.8,3.8,28.4,28.0,945.6,945.3,26.0,21.0
2025-06-06 18:00:00+00:00,1.6,1.49,94.0,160.0,5.3,3.14,102.0,194.0,3.2,3.3,27.1,25.8,945.5,945.2,25.0,29.0
2025-06-06 19:00:00+00:00,2.18,1.49,74.0,132.0,6.3,2.08,78.0,139.0,3.5,2.4,26.3,24.5,945.3,945.0,29.0,36.0
2025-06-06 20:00:00+00:00,2.72,1.79,73.0,117.0,8.06,3.26,74.0,106.0,4.5,2.8,25.8,24.0,945.2,944.9,33.0,38.0
2025-06-06 21:00:00+00:00,2.84,2.06,80.0,104.0,8.4,4.92,79.0,96.0,4.7,3.3,25.2,23.6,945.3,945.0,37.0,37.0
2025-06-06 22:00:00+00:00,2.63,2.0,81.0,87.0,7.81,5.38,82.0,80.0,4.7,3.3,24.5,23.3,945.4,945.0,39.0,38.0
2025-06-06 23:00:00+00:00,2.5,1.04,74.0,107.0,7.51,4.15,78.0,71.0,4.3,3.1,23.9,22.9,945.5,945.6,42.0,43.0
2025-06-07 00:00:00+00:00,2.55,2.1,79.0,87.0,7.73,6.04,78.0,70.0,4.4,3.3,22.9,23.4,945.7,946.7,50.0,48.0
2025-06-07 01:00:00+00:00,2.86,1.9,65.0,90.0,7.47,5.61,71.0,74.0,4.8,3.5,24.8,25.0,946.5,947.4,46.0,46.0
2025-06-07 02:00:00+00:00,4.08,2.47,59.0,69.0,6.67,4.37,66.0,70.0,7.1,4.4,27.6,27.5,947.7,948.2,37.0,38.0
2025-06-07 03:00:00+00:00,1.77,2.75,43.0,57.0,2.29,3.04,47.0,57.0,7.5,5.1,30.1,29.5,948.9,948.6,31.0,33.0
2025-06-07 04:00:00+00:00,4.93,1.7,264.0,50.0,5.52,1.96,264.0,53.0,8.8,5.1,31.5,31.5,949.5,948.8,28.0,28.0
2025-06-07 05:00:00+00:00,7.1,1.32,268.0,279.0,8.53,1.39,268.0,278.0,12.7,3.7,31.7,33.3,949.6,949.0,26.0,24.0
2025-06-07 06:00:00+00:00,7.2,1.88,271.0,65.0,9.01,2.02,271.0,67.0,13.4,7.2,32.2,35.6,949.3,947.8,26.0,20.0
2025-06-07 07:00:00+00:00,8.21,0.92,273.0,257.0,10.69,0.93,273.0,252.0,15.4,3.9,32.8,36.8,949.1,947.5,26.0,17.0
2025-06-07 08:00:00+00:00,8.75,6.21,276.0,273.0,11.72,6.77,276.0,272.0,16.5,10.9,33.3,36.8,949.1,947.5,25.0,19.0
2025-06-07 09:00:00+00:00,8.97,8.71,277.0,273.0,12.35,10.98,277.0,273.0,16.7,15.6,33.0,36.2,949.1,947.4,26.0,19.0
2025-06-07 10:00:00+00:00,8.78,9.33,278.0,274.0,12.9,12.18,279.0,274.0,16.9,16.6,31.7,36.2,949.3,947.3,29.0,19.0
2025-06-07 11:00:00+00:00,8.37,8.93,278.0,274.0,12.8,12.1,279.0,275.0,16.3,16.6,31.1,35.2,949.5,947.3,30.0,21.0
2025-06-07 12:00:00+00:00,8.32,10.37,274.0,277.0,12.71,15.12,276.0,277.0,15.7,18.4,30.1,32.1,950.5,948.5,33.0,29.0
2025-06-07 13:00:00+00:00,7.34,9.04,264.0,275.0,11.58,14.13,267.0,278.0,15.5,18.4,27.7,30.8,951.2,949.5,41.0,31.0
2025-06-07 14:00:00+00:00,7.24,7.95,252.0,276.0,12.17,13.01,257.0,280.0,13.3,15.7,26.3,29.8,951.6,950.2,45.0,34.0
2025-06-07 15:00:00+00:00,5.91,7.71,246.0,268.0,10.67,12.76,255.0,274.0,13.4,13.6,25.1,28.2,952.0,950.7,50.0,40.0
2025-06-07 16:00:00+00:00,4.17,9.24,226.0,260.0,8.28,14.49,244.0,264.0,10.4,16.7,24.5,25.4,952.2,951.5,53.0,53.0
2025-06-07 17:00:00+00:00,3.96,8.23,227.0,249.0,8.89,12.55,243.0,252.0,7.4,16.1,23.9,23.0,951.7,952.0,55.0,65.0
2025-06-07 18:00:00+00:00,4.1,6.44,227.0,234.0,9.75,10.82,240.0,244.0,8.3,12.3,23.7,23.7,951.1,951.7,49.0,52.0
2025-06-07 19:00:00+00:00,3.94,6.12,240.0,232.0,10.01,11.48,252.0,244.0,7.1,11.1,23.4,23.3,951.2,951.6,51.0,52.0
2025-06-07 20:00:00+00:00,4.33,5.78,236.0,233.0,10.15,11.26,255.0,244.0,7.4,10.4,22.9,23.1,951.4,951.6,55.0,53.0
2025-06-07 21:00:00+00:00,4.14,4.74,233.0,235.0,10.13,10.36,251.0,247.0,7.4,9.7,22.4,23.0,951.6,951.5,56.0,53.0
2025-06-07 22:00:00+00:00,3.98,4.29,231.0,242.0,9.58,9.72,250.0,255.0,7.2,8.0,22.1,22.8,951.7,951.6,57.0,54.0
2025-06-07 23:00:00+00:00,4.06,4.88,232.0,242.0,9.83,10.27,250.0,257.0,7.1,8.1,21.9,22.3,952.1,952.0,58.0,57.0
2025-06-08 00:00:00+00:00,2.64,5.59,233.0,246.0,6.68,12.21,248.0,256.0,5.2,9.5,21.8,22.7,952.6,952.2,62.0,56.0
2025-06-08 01:00:00+00:00,3.14,6.17,248.0,253.0,6.61,12.63,255.0,260.0,5.3,10.8,22.4,22.9,953.3,953.3,60.0,56.0
2025-06-08 02:00:00+00:00,3.81,6.0,256.0,259.0,5.3,7.76,258.0,260.0,6.6,10.5,23.1,23.4,954.0,953.8,58.0,57.0
2025-06-08 03:00:00+00:00,3.98,7.02,258.0,253.0,4.71,9.02,258.0,253.0,7.1,12.7,24.7,23.9,954.5,954.1,54.0,57.0
2025-06-08 04:00:00+00:00,4.23,7.45,263.0,258.0,4.84,9.3,263.0,258.0,7.6,13.2,26.5,25.3,954.4,954.2,47.0,50.0
2025-06-08 05:00:00+00:00,4.4,7.51,270.0,260.0,4.9,9.25,269.0,260.0,7.8,13.3,27.5,26.2,954.1,954.3,43.0,46.0
2025-06-08 06:00:00+00:00,6.32,5.07,252.0,255.0,8.33,6.08,252.0,255.0,11.7,10.9,27.0,26.4,954.4,954.5,44.0,49.0
2025-06-08 07:00:00+00:00,5.82,5.36,254.0,261.0,7.82,6.36,255.0,260.0,11.7,10.0,26.8,27.7,954.0,954.0,45.0,44.0
2025-06-08 08:00:00+00:00,4.74,5.57,245.0,261.0,6.36,6.67,245.0,260.0,10.6,10.4,26.6,28.6,953.9,953.5,44.0,41.0
2025-06-08 09:00:00+00:00,4.84,5.81,240.0,259.0,6.32,7.19,240.0,259.0,9.2,10.9,26.9,29.3,953.9,953.1,41.0,38.0
2025-06-08 10:00:00+00:00,3.92,5.76,232.0,262.0,4.76,7.22,233.0,262.0,8.9,10.8,27.7,29.5,953.5,952.6,38.0,36.0
2025-06-08 11:00:00+00:00,4.2,5.56,245.0,262.0,5.57,7.11,246.0,263.0,7.9,10.7,27.8,29.5,953.3,952.4,38.0,35.0
2025-06-08 12:00:00+00:00,3.25,4.17,225.0,226.0,4.57,5.96,225.0,228.0,6.4,8.7,28.3,28.7,952.8,952.6,40.0,35.0
2025-06-08 13:00:00+00:00,3.79,3.71,192.0,207.0,6.32,5.87,193.0,208.0,7.0,7.5,27.3,28.1,952.8,952.7,44.0,38.0
2025-06-08 14:00:00+00:00,2.5,2.34,178.0,200.0,6.08,5.33,179.0,200.0,7.0,6.6,26.3,27.0,952.8,952.7,45.0,41.0
2025-06-08 15:00:00+00:00,1.12,0.94,153.0,212.0,3.85,3.55,173.0,204.0,4.3,4.0,24.9,25.7,952.9,952.8,51.0,46.0
2025-06-08 16:00:00+00:00,1.2,0.64,138.0,231.0,3.04,2.15,159.0,223.0,2.0,1.5,23.7,24.7,952.8,952.9,57.0,53.0
2025-06-08 17:00:00+00:00,1.06,0.81,131.0,210.0,2.47,1.67,146.0,242.0,2.0,1.3,22.9,23.7,952.3,952.7,63.0,57.0
2025-06-08 18:00:00+00:00,1.39,1.1,111.0,175.0,2.29,0.71,110.0,254.0,2.2,1.7,23.1,21.0,951.7,953.1,62.0,74.0
2025-06-08 19:00:00+00:00,1.3,1.2,113.0,132.0,2.84,1.06,92.0,56.0,2.3,1.9,22.3,20.3,951.3,952.6,64.0,77.0
2025-06-08 20:00:00+00:00,1.28,1.06,129.0,131.0,3.04,2.1,92.0,62.0,2.2,2.0,21.9,20.7,951.3,952.4,65.0,74.0
2025-06-08 21:00:00+00:00,1.39,1.49,120.0,138.0,3.72,3.04,92.0,105.0,2.4,2.4,21.5,20.6,951.0,952.2,66.0,73.0
2025-06-08 22:00:00+00:00,1.65,1.4,104.0,94.0,4.61,3.92,88.0,87.0,2.7,2.3,21.1,20.3,950.9,952.1,67.0,72.0
2025-06-08 23:00:00+00:00,2.1,2.21,87.0,72.0,6.06,6.26,81.0,70.0,3.6,3.6,20.8,19.9,950.8,952.1,67.0,73.0
2025-06-09 00:00:00+00:00,3.05,4.12,67.0,61.0,8.9,9.77,73.0,69.0,5.5,6.8,20.5,20.7,951.3,952.0,76.0,73.0
2025-06-09 01:00:00+00:00,4.07,5.73,62.0,61.0,9.11,10.28,71.0,68.0,7.3,9.8,22.1,22.1,951.3,952.2,71.0,70.0
2025-06-09 02:00:00+00:00,5.72,7.38,63.0,63.0,8.16,10.22,66.0,66.0,10.5,13.0,24.1,23.8,951.4,952.3,63.0,65.0
2025-06-09 03:00:00+00:00,6.4,8.01,63.0,64.0,8.72,10.7,65.0,66.0,11.9,14.3,26.0,25.7,951.3,952.2,56.0,58.0
2025-06-09 04:00:00+00:00,6.8,8.23,64.0,66.0,9.03,10.59,66.0,68.0,12.7,14.7,27.9,27.5,950.7,951.7,49.0,51.0
2025-06-09 05:00:00+00:00,6.84,7.98,63.0,68.0,9.07,10.1,65.0,70.0,13.0,14.6,29.8,29.4,950.1,951.4,42.0,43.0
2025-06-09 06:00:00+00:00,5.28,6.05,63.0,68.0,6.58,7.59,65.0,70.0,11.1,12.9,31.3,30.9,949.8,951.0,35.0,35.0
2025-06-09 07:00:00+00:00,4.07,5.24,65.0,66.0,4.79,6.2,67.0,69.0,10.0,11.2,32.9,32.5,949.1,950.3,30.0,31.0
2025-06-09 08:00:00+00:00,2.52,3.85,56.0,65.0,2.77,4.44,58.0,68.0,7.8,9.8,33.8,33.5,948.3,949.5,27.0,28.0
2025-06-09 09:00:00+00:00,1.0,2.79,37.0,69.0,1.12,3.13,38.0,70.0,5.1,7.2,34.1,34.4,947.6,948.6,25.0,24.0
2025-06-09 10:00:00+00:00,0.28,1.8,315.0,109.0,0.22,2.11,333.0,112.0,2.6,5.6,34.6,34.5,946.9,947.9,23.0,21.0
2025-06-09 11:00:00+00:00,1.35,1.68,228.0,163.0,1.46,2.08,228.0,161.0,2.8,4.2,34.1,34.6,946.3,947.6,23.0,20.0
2025-06-09 12:00:00+00:00,0.3,1.75,360.0,204.0,0.22,2.02,27.0,203.0,3.4,3.9,34.5,34.6,945.6,946.4,21.0,25.0
2025-06-09 13:00:00+00:00,1.41,2.66,262.0,250.0,2.07,3.35,265.0,249.0,2.5,4.9,33.2,33.5,945.7,946.7,25.0,31.0
2025-06-09 14:00:00+00:00,2.38,2.77,255.0,257.0,5.78,5.81,270.0,264.0,4.1,5.0,31.1,31.7,945.8,946.7,31.0,38.0
2025-06-09 15:00:00+00:00,3.1,2.68,249.0,243.0,7.96,7.19,266.0,264.0,5.5,5.0,29.6,29.8,946.1,946.9,40.0,43.0
2025-06-09 16:00:00+00:00,3.18,2.83,226.0,228.0,8.11,7.42,243.0,258.0,5.5,5.0,28.3,28.4,946.5,947.0,46.0,50.0
2025-06-09 17:00:00+00:00,2.22,3.36,234.0,233.0,7.78,9.19,251.0,248.0,5.5,5.9,27.7,28.0,946.7,947.1,47.0,53.0
2025-06-09 18:00:00+00:00,1.66,3.32,213.0,249.0,5.57,9.55,219.0,260.0,4.3,7.8,27.8,27.0,946.5,948.0,47.0,50.0
2025-06-09 19:00:00+00:00,1.5,2.61,176.0,238.0,5.94,7.46,193.0,267.0,4.3,5.8,27.9,26.3,946.5,947.9,45.0,51.0
2025-06-09 20:00:00+00:00,1.25,2.44,151.0,215.0,4.25,6.49,172.0,245.0,2.6,4.7,26.7,25.9,946.6,947.9,51.0,51.0
2025-06-09 21:00:00+00:00,0.82,2.12,104.0,225.0,1.85,6.23,148.0,254.0,2.0,4.3,25.8,24.9,946.2,947.8,57.0,56.0
2025-06-09 22:00:00+00:00,0.51,2.25,169.0,212.0,0.84,5.97,144.0,247.0,1.3,4.0,24.9,24.7,946.1,947.9,63.0,58.0
2025-06-09 23:00:00+00:00,0.98,2.25,204.0,201.0,0.44,5.72,243.0,232.0,1.5,4.0,23.7,25.0,946.3,948.2,68.0,54.0
2025-06-10 00:00:00+00:00,1.17,1.35,211.0,222.0,2.37,3.46,246.0,262.0,2.3,2.5,22.9,22.3,947.8,947.7,71.0,65.0
2025-06-10 01:00:00+00:00,0.9,1.43,270.0,245.0,2.35,4.12,270.0,273.0,1.9,2.4,24.3,23.6,948.2,948.3,66.0,61.0
2025-06-10 02:00:00+00:00,1.77,2.43,286.0,261.0,2.88,5.5,288.0,274.0,3.4,4.4,26.1,25.0,948.7,949.1,57.0,55.0
2025-06-10 03:00:00+00:00,2.57,2.65,283.0,281.0,3.0,6.28,281.0,281.0,5.1,5.0,27.4,25.0,949.3,949.3,54.0,54.0
2025-06-10 04:00:00+00:00,4.0,3.4,271.0,284.0,4.8,5.75,270.0,284.0,7.6,6.3,29.0,26.1,949.4,949.7,43.0,51.0
2025-06-10 05:00:00+00:00,5.41,4.44,258.0,284.0,6.71,5.73,258.0,283.0,10.2,8.4,30.6,27.5,949.6,950.0,37.0,45.0
2025-06-10 06:00:00+00:00,6.2,4.81,271.0,253.0,7.74,6.04,271.0,253.0,11.3,10.5,29.9,26.5,949.6,950.3,39.0,51.0
2025-06-10 07:00:00+00:00,6.61,3.03,267.0,262.0,8.43,3.46,268.0,262.0,12.2,9.0,30.6,28.4,949.1,949.9,37.0,41.0
2025-06-10 08:00:00+00:00,7.02,2.8,266.0,268.0,9.12,3.14,267.0,266.0,12.8,6.0,30.8,29.7,948.8,949.5,36.0,33.0
2025-06-10 09:00:00+00:00,7.36,3.6,263.0,272.0,9.76,4.12,264.0,271.0,13.3,6.9,31.1,30.6,948.6,949.1,35.0,26.0
2025-06-10 10:00:00+00:00,7.18,4.7,257.0,270.0,10.03,5.78,258.0,270.0,13.3,8.8,30.4,30.7,948.4,948.8,38.0,27.0
2025-06-10 11:00:00+00:00,6.89,5.14,257.0,263.0,10.05,6.79,257.0,264.0,12.9,9.5,30.0,30.3,948.6,948.6,40.0,30.0
2025-06-10 12:00:00+00:00,5.09,4.52,250.0,235.0,7.56,7.43,251.0,239.0,10.0,10.6,29.6,26.8,949.0,948.4,40.0,45.0
2025-06-10 13:00:00+00:00,4.35,4.3,247.0,211.0,6.93,9.44,247.0,217.0,9.0,8.4,28.7,26.1,949.3,948.5,44.0,50.0
2025-06-10 14:00:00+00:00,3.36,2.97,233.0,225.0,6.71,8.38,236.0,225.0,7.6,7.6,27.6,25.9,949.4,948.8,47.0,49.0
2025-06-10 15:00:00+00:00,2.34,1.63,230.0,227.0,6.72,6.23,239.0,233.0,5.7,5.2,26.5,25.1,949.3,948.9,48.0,55.0
2025-06-10 16:00:00+00:00,1.63,1.84,223.0,221.0,5.26,6.06,243.0,247.0,3.9,3.2,25.3,24.2,949.3,948.8,52.0,61.0
2025-06-10 17:00:00+00:00,1.53,2.06,212.0,219.0,4.26,6.26,247.0,250.0,2.7,3.6,24.2,24.0,949.1,948.5,58.0,63.0
2025-06-10 18:00:00+00:00,1.36,0.67,197.0,243.0,2.94,4.86,244.0,199.0,2.6,6.7,23.0,23.5,948.3,949.5,65.0,54.0
2025-06-10 19:00:00+00:00,1.6,0.78,184.0,320.0,2.34,2.06,237.0,273.0,2.6,1.7,22.1,22.6,948.1,949.4,69.0,62.0
2025-06-10 20:00:00+00:00,1.32,0.82,171.0,194.0,1.66,1.74,225.0,286.0,2.6,1.2,21.4,22.4,948.1,949.1,70.0,64.0
2025-06-10 21:00:00+00:00,1.14,1.36,128.0,197.0,1.21,1.98,76.0,237.0,2.1,2.2,20.6,21.7,948.1,948.8,74.0,67.0
2025-06-10 22:00:00+00:00,1.34,1.57,117.0,207.0,3.14,3.18,76.0,236.0,2.2,2.7,20.4,21.3,948.0,948.5,74.0,65.0
2025-06-10 23:00:00+00:00,1.55,1.57,105.0,207.0,4.33,3.78,77.0,239.0,2.6,2.8,20.1,20.8,948.1,948.4,76.0,64.0
2025-06-11 00:00:00+00:00,1.55,1.32,105.0,99.0,4.42,3.63,77.0,71.0,2.5,2.0,20.3,22.2,948.6,948.9,81.0,66.0
2025-06-11 01:00:00+00:00,2.66,1.53,70.0,79.0,6.45,4.37,70.0,74.0,4.4,2.7,22.3,23.4,948.8,949.2,75.0,63.0
2025-06-11 02:00:00+00:00,5.06,3.67,60.0,61.0,6.57,4.69,63.0,64.0,8.7,6.8,24.5,25.4,949.4,949.5,66.0,55.0
2025-06-11 03:00:00+00:00,5.64,4.47,63.0,63.0,6.71,5.48,65.0,66.0,9.7,8.4,26.1,26.9,949.8,949.5,60.0,53.0
2025-06-11 04:00:00+00:00,5.92,4.3,60.0,59.0,6.93,5.13,61.0,61.0,10.2,8.6,28.0,28.5,949.7,949.6,53.0,49.0
2025-06-11 05:00:00+00:00,5.61,3.84,59.0,51.0,6.4,4.41,61.0,53.0,10.2,8.3,30.0,30.5,949.3,949.6,44.0,41.0
2025-06-11 06:00:00+00:00,4.22,4.24,59.0,56.0,4.74,4.73,60.0,56.0,9.0,9.3,31.9,32.1,949.2,949.5,36.0,34.0
2025-06-11 07:00:00+00:00,3.05,3.31,58.0,61.0,3.29,3.51,60.0,63.0,7.7,7.8,33.2,33.6,948.5,948.9,32.0,28.0
2025-06-11 08:00:00+00:00,0.94,2.69,32.0,59.0,1.06,2.94,34.0,60.0,5.8,6.2,34.1,34.6,948.2,948.2,28.0,21.0
2025-06-11 09:00:00+00:00,2.14,1.53,281.0,32.0,2.31,1.63,282.0,33.0,4.5,5.3,34.2,34.8,948.0,947.6,25.0,20.0
2025-06-11 10:00:00+00:00,5.42,1.4,293.0,4.0,6.5,1.57,293.0,4.0,9.7,3.7,33.5,34.5,948.4,947.1,26.0,22.0
2025-06-11 11:00:00+00:00,6.91,2.28,280.0,308.0,9.99,2.51,281.0,309.0,14.0,4.3,29.0,34.0,949.7,946.9,47.0,24.0
2025-06-11 12:00:00+00:00,7.42,3.42,296.0,291.0,10.56,4.28,296.0,290.0,13.8,6.2,26.3,34.8,950.0,946.4,59.0,22.0
2025-06-11 13:00:00+00:00,5.58,5.28,234.0,289.0,8.26,8.06,236.0,288.0,13.9,9.3,23.4,33.1,950.4,946.9,78.0,29.0
2025-06-11 14:00:00+00:00,4.74,3.72,235.0,264.0,9.4,7.57,236.0,266.0,10.4,9.2,22.7,31.7,951.0,947.1,78.0,30.0
2025-06-11 15:00:00+00:00,3.4,3.44,256.0,234.0,9.44,8.46,260.0,243.0,8.5,6.3,22.7,29.7,951.3,947.5,80.0,40.0
2025-06-11 16:00:00+00:00,3.41,3.22,273.0,234.0,8.63,8.89,279.0,243.0,6.1,6.0,22.4,28.6,951.5,947.9,83.0,45.0
2025-06-11 17:00:00+00:00,3.2,4.74,250.0,252.0,7.74,12.3,271.0,259.0,6.4,8.1,21.9,27.7,951.4,948.2,85.0,45.0
2025-06-11 18:00:00+00:00,2.78,6.26,218.0,253.0,6.89,12.13,255.0,260.0,4.7,10.7,22.2,25.9,951.0,949.9,75.0,52.0
2025-06-11 19:00:00+00:00,2.92,6.0,211.0,246.0,7.26,12.14,238.0,256.0,5.1,10.6,22.1,25.1,950.8,949.7,71.0,56.0
2025-06-11 20:00:00+00:00,2.33,5.51,211.0,241.0,6.5,12.21,239.0,253.0,5.0,10.0,21.7,24.6,950.8,949.5,72.0,58.0
2025-06-11 21:00:00+00:00,1.92,5.14,208.0,243.0,5.3,12.17,245.0,255.0,3.8,9.1,21.0,24.2,950.8,949.6,75.0,60.0
2025-06-11 22:00:00+00:00,1.26,4.92,198.0,243.0,3.54,11.88,256.0,257.0,3.2,8.6,20.3,23.7,950.8,949.5,79.0,62.0
2025-06-11 23:00:00+00:00,0.85,4.57,135.0,241.0,0.93,11.15,288.0,257.0,2.0,8.1,19.7,23.4,951.1,949.6,82.0,63.0
2025-06-12 00:00:00+00:00,1.75,2.05,204.0,227.0,3.79,5.57,260.0,260.0,2.9,4.3,21.0,21.3,950.7,950.9,78.0,76.0
2025-06-12 01:00:00+00:00,1.53,1.78,212.0,232.0,3.42,4.0,246.0,253.0,2.9,3.3,22.7,22.7,951.0,951.3,74.0,72.0
2025-06-12 02:00:00+00:00,1.71,1.5,249.0,270.0,2.02,1.68,247.0,263.0,3.4,3.6,24.7,24.3,951.4,951.6,59.0,63.0
2025-06-12 03:00:00+00:00,0.95,1.14,288.0,322.0,1.0,1.11,281.0,315.0,3.2,2.9,26.3,25.9,951.6,951.6,53.0,57.0
2025-06-12 04:00:00+00:00,1.35,1.22,318.0,351.0,1.39,1.29,315.0,351.0,3.2,3.0,27.9,27.6,951.5,951.5,47.0,51.0
2025-06-12 05:00:00+00:00,1.7,1.6,315.0,360.0,1.73,1.67,313.0,3.0,3.8,3.5,29.5,29.3,951.4,951.1,41.0,43.0
2025-06-12 06:00:00+00:00,3.72,2.88,276.0,56.0,4.04,3.13,276.0,58.0,6.9,6.5,29.9,30.0,950.6,951.1,39.0,43.0
2025-06-12 07:00:00+00:00,3.51,1.86,273.0,54.0,3.82,1.98,271.0,57.0,6.8,5.5,31.8,30.9,950.2,950.3,31.0,39.0
2025-06-12 08:00:00+00:00,3.31,0.78,265.0,40.0,3.55,0.77,264.0,50.0,6.5,3.9,32.8,31.7,949.6,949.6,26.0,35.0
2025-06-12 09:00:00+00:00,3.52,0.92,255.0,257.0,3.85,1.02,255.0,253.0,6.6,2.6,33.3,32.4,948.8,949.2,26.0,32.0
2025-06-12 10:00:00+00:00,4.05,2.44,250.0,251.0,4.62,2.6,249.0,250.0,7.4,4.8,33.0,32.7,948.2,948.8,26.0,32.0
2025-06-12 11:00:00+00:00,4.03,2.35,256.0,258.0,4.68,2.5,254.0,259.0,7.4,4.9,32.7,32.5,947.8,948.5,28.0,32.0
2025-06-12 12:00:00+00:00,4.62,1.36,265.0,306.0,6.01,1.33,264.0,306.0,8.9,2.8,31.5,31.5,948.4,948.7,34.0,37.0
2025-06-12 13:00:00+00:00,3.81,1.84,273.0,299.0,5.79,2.07,273.0,301.0,8.2,3.4,30.5,30.7,948.5,948.7,37.0,40.0
2025-06-12 14:00:00+00:00,2.5,1.62,270.0,292.0,5.72,2.86,277.0,301.0,6.6,3.4,29.0,29.2,948.4,948.7,46.0,46.0
2025-06-12 15:00:00+00:00,1.77,1.33,227.0,257.0,4.92,2.85,264.0,297.0,4.2,2.8,27.0,27.2,948.7,948.9,59.0,55.0
2025-06-12 16:00:00+00:00,1.7,1.3,183.0,203.0,3.42,1.89,243.0,291.0,3.0,2.1,25.3,25.4,948.8,948.8,70.0,66.0
2025-06-12 17:00:00+00:00,1.4,1.41,176.0,188.0,2.36,1.08,228.0,265.0,2.8,2.3,24.3,24.3,949.0,948.8,76.0,75.0
2025-06-12 18:00:00+00:00,2.91,1.81,221.0,186.0,8.11,3.41,258.0,231.0,4.9,3.1,23.4,24.4,948.5,948.6,53.0,67.0
2025-06-12 19:00:00+00:00,2.75,1.53,213.0,191.0,7.49,3.18,256.0,236.0,4.7,3.0,22.5,23.8,948.4,948.5,53.0,69.0
2025-06-12 20:00:00+00:00,2.47,1.36,212.0,197.0,6.65,3.07,256.0,243.0,4.4,2.6,22.0,23.2,948.2,948.4,54.0,71.0
2025-06-12 21:00:00+00:00,2.02,1.21,213.0,204.0,5.92,2.67,263.0,262.0,4.0,2.2,21.5,22.5,948.3,948.3,57.0,73.0
2025-06-12 22:00:00+00:00,1.86,1.24,216.0,194.0,5.29,2.16,270.0,267.0,3.3,2.1,20.9,21.9,948.5,948.2,60.0,74.0
2025-06-12 23:00:00+00:00,1.66,1.4,205.0,184.0,4.21,1.67,269.0,249.0,3.0,2.3,20.4,21.4,948.8,948.3,63.0,75.0
2025-06-13 00:00:00+00:00,1.7,1.14,208.0,195.0,2.74,0.29,270.0,270.0,2.8,2.2,20.8,20.7,948.8,948.7,71.0,77.0
2025-06-13 01:00:00+00:00,1.25,0.71,209.0,188.0,2.65,0.93,270.0,342.0,2.8,1.9,22.4,21.9,949.1,949.1,69.0,77.0
2025-06-13 02:00:00+00:00,0.73,0.22,254.0,117.0,1.67,1.33,273.0,36.0,2.1,1.4,25.2,25.2,950.0,949.7,55.0,71.0
2025-06-13 03:00:00+00:00,1.0,1.08,307.0,68.0,1.12,1.24,308.0,72.0,2.3,2.3,27.1,27.2,950.6,950.0,48.0,53.0
2025-06-13 04:00:00+00:00,3.23,1.22,286.0,55.0,3.45,1.36,285.0,60.0,5.7,2.9,28.1,29.3,950.5,950.0,45.0,47.0
2025-06-13 05:00:00+00:00,4.34,1.0,278.0,6.0,4.74,0.9,277.0,13.0,7.4,2.9,28.7,31.4,950.5,949.9,42.0,36.0
2025-06-13 06:00:00+00:00,7.42,2.46,266.0,297.0,9.03,2.59,266.0,295.0,12.8,5.0,29.2,32.0,950.5,950.3,41.0,31.0
2025-06-13 07:00:00+00:00,8.72,4.06,266.0,280.0,11.0,4.48,266.0,280.0,15.3,7.4,29.9,32.2,950.2,949.8,37.0,30.0
2025-06-13 08:00:00+00:00,8.6,5.04,269.0,277.0,11.07,5.81,268.0,276.0,15.4,9.1,30.1,32.5,949.7,949.5,36.0,31.0
2025-06-13 09:00:00+00:00,8.4,5.5,269.0,271.0,10.68,6.56,269.0,271.0,15.0,9.9,31.0,32.8,949.3,949.0,32.0,28.0
2025-06-13 10:00:00+00:00,7.96,5.73,263.0,264.0,10.45,7.19,264.0,264.0,14.6,10.3,30.8,32.9,949.0,948.5,31.0,23.0
2025-06-13 11:00:00+00:00,8.17,5.95,255.0,250.0,11.19,7.78,256.0,251.0,14.0,10.7,30.4,32.6,948.9,948.2,33.0,23.0
2025-06-13 12:00:00+00:00,6.5,3.71,256.0,256.0,9.22,4.63,258.0,257.0,12.0,6.7,28.9,28.0,949.7,948.9,36.0,55.0
2025-06-13 13:00:00+00:00,6.08,3.07,243.0,251.0,9.25,4.62,244.0,253.0,11.0,6.5,28.2,27.3,949.8,949.2,37.0,58.0
2025-06-13 14:00:00+00:00,5.24,2.33,235.0,239.0,9.51,5.02,238.0,249.0,10.2,5.2,27.3,26.1,949.6,949.1,38.0,65.0
2025-06-13 15:00:00+00:00,4.44,1.98,234.0,225.0,10.08,5.28,243.0,248.0,8.7,3.9,26.5,24.7,949.9,948.9,40.0,73.0
2025-06-13 16:00:00+00:00,4.1,1.98,236.0,221.0,10.1,5.58,250.0,252.0,7.2,3.3,25.8,23.8,950.2,948.9,42.0,76.0
2025-06-13 17:00:00+00:00,3.92,2.19,232.0,223.0,9.56,6.17,255.0,260.0,6.8,3.7,25.1,23.3,950.0,949.0,46.0,77.0
2025-06-13 18:00:00+00:00,4.88,3.41,224.0,220.0,9.95,9.48,245.0,250.0,8.4,5.5,25.2,25.0,950.2,947.8,46.0,47.0
2025-06-13 19:00:00+00:00,4.39,3.96,223.0,227.0,9.56,11.46,241.0,247.0,8.2,6.5,25.1,25.2,949.7,947.5,44.0,37.0
2025-06-13 20:00:00+00:00,3.61,3.26,226.0,230.0,8.68,10.72,246.0,247.0,7.3,6.5,24.6,24.7,949.6,947.2,47.0,39.0
2025-06-13 21:00:00+00:00,2.9,2.75,226.0,237.0,7.59,9.7,250.0,254.0,5.9,5.3,24.3,24.0,949.3,947.1,50.0,43.0
2025-06-13 22:00:00+00:00,3.09,2.64,241.0,241.0,7.4,9.3,259.0,262.0,5.0,4.5,23.9,23.6,949.3,947.1,54.0,45.0
2025-06-13 23:00:00+00:00,2.97,3.09,237.0,245.0,7.18,9.7,256.0,269.0,5.0,5.1,23.6,23.2,949.5,947.4,56.0,47.0
2025-06-14 00:00:00+00:00,0.85,3.68,201.0,227.0,2.95,9.18,249.0,254.0,2.9,6.0,22.9,23.0,950.0,948.4,57.0,54.0
2025-06-14 01:00:00+00:00,0.9,3.62,90.0,231.0,0.35,8.67,146.0,252.0,1.4,6.0,23.0,24.4,950.6,948.9,62.0,51.0
2025-06-14 02:00:00+00:00,3.22,2.77,54.0,229.0,4.91,5.39,64.0,243.0,5.3,5.9,24.2,25.9,950.9,949.4,56.0,49.0
2025-06-14 03:00:00+00:00,4.43,1.66,62.0,245.0,5.43,2.02,64.0,241.0,7.4,4.6,24.5,27.5,951.0,949.7,53.0,45.0
2025-06-14 04:00:00+00:00,5.28,1.0,61.0,360.0,6.44,0.88,64.0,360.0,8.9,3.0,25.1,28.0,950.9,949.7,52.0,45.0
2025-06-14 05:00:00+00:00,5.59,3.11,61.0,45.0,6.48,3.19,63.0,47.0,9.4,5.5,26.0,28.4,950.8,949.9,50.0,45.0
2025-06-14 06:00:00+00:00,4.78,5.99,74.0,64.0,5.25,6.93,76.0,67.0,8.3,10.3,25.3,27.1,950.8,950.2,59.0,50.0
2025-06-14 07:00:00+00:00,4.4,6.49,69.0,65.0,4.8,7.68,70.0,67.0,8.1,11.2,26.3,27.7,950.5,949.8,57.0,46.0
2025-06-14 08:00:00+00:00,4.14,6.45,70.0,71.0,4.31,7.62,73.0,72.0,7.5,11.4,27.9,28.5,949.9,949.2,50.0,44.0
2025-06-14 09:00:00+00:00,3.23,5.82,68.0,74.0,3.44,6.68,70.0,76.0,7.0,11.2,28.7,29.1,949.5,948.7,46.0,43.0
2025-06-14 10:00:00+00:00,1.75,5.12,66.0,73.0,1.86,5.87,72.0,75.0,5.7,10.0,29.5,29.3,949.1,948.0,40.0,42.0
2025-06-14 11:00:00+00:00,0.76,4.24,67.0,71.0,0.69,4.71,82.0,73.0,3.6,8.8,30.1,29.6,948.8,947.9,37.0,40.0
2025-06-14 12:00:00+00:00,1.84,1.92,229.0,51.0,1.94,2.04,229.0,55.0,3.4,4.9,29.2,30.4,948.1,947.6,43.0,34.0
2025-06-14 13:00:00+00:00,1.35,1.58,228.0,55.0,1.52,1.8,225.0,61.0,3.2,3.5,28.6,30.0,948.1,947.7,44.0,35.0
2025-06-14 14:00:00+00:00,0.41,1.63,256.0,47.0,0.55,2.37,225.0,60.0,2.3,2.9,27.8,28.9,948.0,947.7,53.0,40.0
2025-06-14 15:00:00+00:00,0.32,1.8,162.0,90.0,0.28,3.82,135.0,89.0,0.5,2.8,26.8,26.7,948.3,947.8,59.0,50.0
2025-06-14 16:00:00+00:00,0.91,1.84,174.0,103.0,0.42,4.21,135.0,102.0,1.2,3.2,25.4,25.1,948.5,947.9,67.0,59.0
2025-06-14 17:00:00+00:00,1.17,1.41,149.0,98.0,1.02,3.55,107.0,96.0,1.9,3.0,23.7,24.0,948.1,947.7,77.0,65.0
2025-06-14 18:00:00+00:00,1.12,1.4,100.0,176.0,3.16,0.98,83.0,186.0,2.3,2.3,23.8,22.5,947.7,947.4,75.0,73.0
2025-06-14 19:00:00+00:00,1.02,1.36,101.0,163.0,2.88,1.1,72.0,153.0,1.7,2.3,23.1,22.0,947.5,947.2,79.0,73.0
2025-06-14 20:00:00+00:00,1.17,1.3,110.0,157.0,3.16,1.06,74.0,124.0,1.9,2.1,22.5,21.5,947.3,946.9,82.0,74.0
2025-06-14 21:00:00+00:00,1.14,1.17,105.0,149.0,3.41,1.31,72.0,103.0,2.1,2.0,22.1,20.9,947.0,946.6,83.0,74.0
2025-06-14 22:00:00+00:00,1.12,1.2,100.0,132.0,3.6,1.98,68.0,81.0,1.9,1.9,21.9,20.4,946.8,946.4,84.0,73.0
2025-06-14 23:00:00+00:00,1.24,1.3,104.0,122.0,3.72,2.76,72.0,73.0,2.0,2.0,21.4,20.2,946.8,946.3,85.0,74.0
2025-06-15 00:00:00+00:00,1.8,1.91,90.0,84.0,4.96,5.64,72.0,70.0,2.9,3.1,20.7,20.6,947.1,947.0,81.0,77.0
2025-06-15 01:00:00+00:00,2.5,2.69,74.0,68.0,5.83,6.46,70.0,68.0,4.1,4.4,22.4,22.7,947.6,947.4,77.0,70.0
2025-06-15 02:00:00+00:00,4.61,4.3,60.0,59.0,5.87,5.96,64.0,65.0,7.8,7.3,24.1,24.8,948.1,947.9,70.0,59.0
2025-06-15 03:00:00+00:00,5.28,5.24,63.0,61.0,6.27,6.31,65.0,64.0,8.9,8.9,25.2,26.7,948.2,947.9,64.0,51.0
2025-06-15 04:00:00+00:00,5.39,5.42,59.0,60.0,6.27,6.27,61.0,63.0,9.1,9.3,26.3,28.5,947.9,947.6,60.0,46.0
2025-06-15 05:00:00+00:00,5.16,5.11,58.0,59.0,5.97,5.7,60.0,61.0,9.1,9.3,27.6,30.2,947.6,947.4,53.0,40.0
2025-06-15 06:00:00+00:00,4.99,4.05,57.0,57.0,5.49,4.35,59.0,59.0,9.6,8.1,29.7,30.1,946.6,947.4,44.0,43.0
2025-06-15 07:00:00+00:00,3.72,2.51,54.0,61.0,3.94,2.72,55.0,64.0,8.5,6.9,31.2,30.9,946.2,946.9,36.0,39.0
2025-06-15 08:00:00+00:00,2.28,0.91,61.0,84.0,2.32,0.98,62.0,96.0,6.5,4.8,32.1,31.1,945.8,946.3,32.0,35.0
2025-06-15 09:00:00+00:00,0.92,0.81,77.0,187.0,0.98,0.98,90.0,186.0,4.4,2.1,32.8,31.5,945.1,945.6,28.0,32.0
2025-06-15 10:00:00+00:00,0.2,1.04,270.0,253.0,0.31,1.15,252.0,250.0,2.4,2.6,33.1,31.8,944.6,945.5,25.0,30.0
2025-06-15 11:00:00+00:00,0.64,1.49,309.0,312.0,0.66,1.53,297.0,310.0,1.7,2.9,33.2,32.0,944.3,945.3,23.0,29.0
2025-06-15 12:00:00+00:00,0.89,0.85,117.0,69.0,1.01,0.84,119.0,69.0,1.9,1.7,31.9,30.2,944.0,945.5,29.0,36.0
2025-06-15 13:00:00+00:00,1.5,1.22,90.0,81.0,1.58,1.29,97.0,81.0,2.5,2.1,31.4,29.7,944.0,945.4,30.0,38.0
2025-06-15 14:00:00+00:00,2.38,1.5,68.0,86.0,4.02,2.55,77.0,86.0,3.8,2.4,30.0,28.3,944.1,945.4,35.0,47.0
2025-06-15 15:00:00+00:00,3.44,2.4,64.0,88.0,7.42,5.1,75.0,88.0,5.6,3.9,28.1,26.4,944.3,945.6,44.0,59.0
2025-06-15 16:00:00+00:00,2.69,2.2,68.0,93.0,6.84,5.59,77.0,91.0,5.6,4.2,26.9,25.2,944.3,945.6,50.0,66.0
2025-06-15 17:00:00+00:00,1.9,1.6,72.0,86.0,5.85,4.83,76.0,84.0,4.3,3.5,25.7,23.9,944.0,945.4,56.0,74.0
2025-06-15 18:00:00+00:00,1.17,1.4,110.0,94.0,3.04,3.54,94.0,85.0,2.1,2.3,25.0,23.7,944.6,944.3,59.0,66.0
2025-06-15 19:00:00+00:00,1.33,1.82,103.0,81.0,3.46,4.68,82.0,74.0,2.1,2.9,24.2,23.2,944.3,944.3,63.0,69.0
2025-06-15 20:00:00+00:00,1.5,1.94,90.0,78.0,4.28,5.11,74.0,70.0,2.4,3.0,23.6,22.7,944.3,944.3,65.0,72.0
2025-06-15 21:00:00+00:00,1.61,2.33,83.0,80.0,4.71,6.26,69.0,73.0,2.5,3.8,23.1,22.3,944.3,944.4,69.0,75.0
2025-06-15 22:00:00+00:00,1.6,2.89,94.0,76.0,4.74,7.13,72.0,77.0,2.6,4.7,22.6,22.0,944.4,944.5,71.0,76.0
2025-06-15 23:00:00+00:00,1.71,2.38,97.0,68.0,4.68,6.2,74.0,74.0,2.6,4.6,22.1,21.6,944.5,944.7,70.0,77.0
2025-06-16 00:00:00+00:00,2.16,2.34,77.0,70.0,5.83,6.38,73.0,72.0,3.4,4.5,22.6,21.7,944.6,945.0,72.0,76.0
2025-06-16 01:00:00+00:00,2.73,1.98,62.0,49.0,5.49,4.79,68.0,59.0,4.5,3.8,23.7,22.6,945.1,945.5,67.0,70.0
2025-06-16 02:00:00+00:00,4.65,2.94,62.0,55.0,5.61,3.59,65.0,55.0,7.8,4.9,24.7,24.1,945.6,945.8,62.0,64.0
2025-06-16 03:00:00+00:00,5.05,3.01,63.0,69.0,5.83,3.32,65.0,71.0,8.6,5.3,26.0,25.5,945.7,945.8,57.0,59.0
2025-06-16 04:00:00+00:00,4.7,3.88,63.0,55.0,5.26,4.27,66.0,58.0,8.6,6.7,27.9,27.2,945.4,945.7,50.0,51.0
2025-06-16 05:00:00+00:00,4.55,3.89,57.0,61.0,4.84,4.21,58.0,62.0,8.1,6.8,29.8,28.8,944.9,945.7,43.0,44.0
2025-06-16 06:00:00+00:00,1.5,1.53,307.0,302.0,1.71,1.58,301.0,300.0,3.5,3.4,30.8,31.1,945.2,945.4,33.0,37.0
2025-06-16 07:00:00+00:00,2.45,2.87,282.0,299.0,2.69,3.07,280.0,297.0,4.8,6.0,32.5,32.4,945.0,944.9,25.0,32.0
2025-06-16 08:00:00+00:00,3.54,3.58,278.0,293.0,3.76,3.78,277.0,291.0,6.2,6.3,33.7,33.1,944.5,944.3,20.0,29.0
2025-06-16 09:00:00+00:00,4.92,4.44,275.0,278.0,5.41,4.74,275.0,277.0,8.4,7.5,34.1,33.7,944.1,944.0,18.0,24.0
2025-06-16 10:00:00+00:00,5.71,5.2,273.0,271.0,6.48,5.78,273.0,270.0,9.7,8.9,34.1,33.9,943.7,943.7,17.0,20.0
2025-06-16 11:00:00+00:00,6.11,6.07,267.0,261.0,7.15,7.12,268.0,262.0,10.2,10.3,33.8,33.8,943.4,943.4,18.0,19.0
2025-06-16 12:00:00+00:00,7.16,4.84,258.0,263.0,8.7,5.82,258.0,263.0,12.3,8.8,32.1,33.6,943.5,943.1,28.0,20.0
2025-06-16 13:00:00+00:00,4.16,5.19,235.0,251.0,5.35,6.97,235.0,253.0,11.6,8.7,31.6,32.9,943.7,943.2,29.0,20.0
2025-06-16 14:00:00+00:00,1.78,4.24,232.0,236.0,3.19,7.84,227.0,242.0,6.8,8.7,30.5,31.4,944.1,943.4,34.0,26.0
2025-06-16 15:00:00+00:00,1.7,3.44,130.0,216.0,2.85,8.13,164.0,234.0,2.7,6.8,28.7,29.5,944.0,943.7,42.0,29.0
2025-06-16 16:00:00+00:00,1.97,3.0,114.0,210.0,3.9,7.49,129.0,227.0,3.3,5.5,27.1,28.3,943.9,943.9,48.0,30.0
2025-06-16 17:00:00+00:00,3.69,2.42,49.0,204.0,7.07,6.46,59.0,221.0,5.7,4.7,26.2,27.5,944.4,943.9,53.0,35.0
2025-06-16 18:00:00+00:00,0.71,1.32,82.0,189.0,0.98,3.33,180.0,204.0,1.8,2.3,25.5,26.0,943.8,944.0,45.0,38.0
2025-06-16 19:00:00+00:00,1.1,1.0,95.0,186.0,1.92,2.26,75.0,214.0,1.6,2.1,24.0,25.4,943.8,944.0,53.0,40.0
2025-06-16 20:00:00+00:00,1.71,1.0,111.0,174.0,3.73,1.12,85.0,218.0,2.7,1.5,22.6,24.7,943.7,944.0,59.0,43.0
2025-06-16 21:00:00+00:00,2.98,1.14,76.0,165.0,7.06,0.69,76.0,188.0,4.7,1.8,22.5,23.9,943.8,943.9,61.0,46.0
2025-06-16 22:00:00+00:00,3.35,1.0,63.0,143.0,7.72,0.71,72.0,124.0,5.3,1.8,22.6,23.5,943.8,944.0,63.0,51.0
2025-06-16 23:00:00+00:00,3.72,1.9,59.0,93.0,8.01,3.8,68.0,78.0,5.8,3.0,22.4,23.5,944.0,944.4,62.0,57.0
2025-06-17 00:00:00+00:00,3.01,3.47,75.0,78.0,7.31,7.18,72.0,85.0,4.7,6.0,20.9,23.9,943.8,944.3,69.0,56.0
2025-06-17 01:00:00+00:00,3.52,3.4,75.0,47.0,7.32,6.0,78.0,64.0,5.6,5.6,22.8,24.5,944.3,944.7,59.0,54.0
2025-06-17 02:00:00+00:00,4.53,4.97,59.0,50.0,6.02,6.37,68.0,53.0,7.4,8.3,24.8,25.1,944.9,945.3,49.0,53.0
2025-06-17 03:00:00+00:00,5.27,5.3,57.0,58.0,6.2,6.23,59.0,60.0,8.8,8.8,26.4,26.0,945.1,945.5,46.0,53.0
2025-06-17 04:00:00+00:00,5.51,5.13,61.0,69.0,6.31,5.86,62.0,72.0,9.3,8.8,28.1,27.6,945.0,945.5,42.0,48.0
2025-06-17 05:00:00+00:00,5.19,4.79,65.0,64.0,5.7,5.35,66.0,66.0,9.2,8.6,30.2,29.5,944.7,945.4,37.0,40.0
2025-06-17 06:00:00+00:00,3.94,3.77,60.0,58.0,4.12,3.86,62.0,60.0,7.8,7.9,34.0,32.0,944.2,945.3,22.0,31.0
2025-06-17 07:00:00+00:00,3.41,3.19,50.0,58.0,3.55,3.29,51.0,60.0,6.8,6.5,35.5,33.5,943.8,944.7,17.0,26.0
2025-06-17 08:00:00+00:00,2.01,2.01,6.0,27.0,2.07,2.02,5.0,23.0,6.0,5.8,36.5,34.7,943.1,944.2,15.0,20.0
2025-06-17 09:00:00+00:00,2.4,2.92,315.0,308.0,2.49,3.15,315.0,306.0,4.6,5.3,36.9,35.3,942.5,943.7,13.0,18.0
2025-06-17 10:00:00+00:00,3.44,4.55,296.0,289.0,3.68,4.96,295.0,288.0,6.0,7.7,37.1,35.4,942.1,943.5,12.0,16.0
2025-06-17 11:00:00+00:00,5.14,5.69,283.0,280.0,5.73,6.56,283.0,279.0,8.6,9.5,36.7,35.1,942.0,943.3,10.0,14.0
2025-06-17 12:00:00+00:00,5.71,3.0,266.0,268.0,6.78,3.34,266.0,267.0,9.5,5.2,35.4,34.8,941.7,943.0,13.0,14.0
2025-06-17 13:00:00+00:00,5.44,3.22,250.0,263.0,7.13,3.76,252.0,263.0,9.4,5.3,34.4,34.1,941.7,943.0,16.0,14.0
2025-06-17 14:00:00+00:00,4.16,2.22,235.0,262.0,7.76,3.94,242.0,264.0,8.8,5.2,32.7,32.4,941.6,943.2,20.0,18.0
2025-06-17 15:00:00+00:00,2.97,1.42,225.0,231.0,7.19,3.29,244.0,260.0,6.6,3.4,30.3,29.9,941.9,943.4,25.0,24.0
2025-06-17 16:00:00+00:00,2.1,1.82,205.0,189.0,4.91,2.32,241.0,242.0,4.5,2.8,28.2,27.3,942.3,943.4,30.0,32.0
2025-06-17 17:00:00+00:00,2.0,1.92,183.0,171.0,3.53,2.05,224.0,197.0,3.2,3.1,26.7,25.8,942.4,943.1,35.0,42.0
2025-06-17 18:00:00+00:00,1.77,1.3,164.0,184.0,2.2,2.37,201.0,210.0,2.8,3.1,25.9,24.7,942.8,942.7,37.0,46.0
2025-06-17 19:00:00+00:00,1.43,1.0,168.0,174.0,1.68,0.69,187.0,278.0,2.8,1.9,25.0,23.8,942.7,942.6,40.0,52.0
2025-06-17 20:00:00+00:00,1.17,1.71,160.0,173.0,0.69,0.5,172.0,169.0,2.2,2.6,24.3,23.1,942.7,942.6,43.0,55.0
2025-06-17 21:00:00+00:00,1.66,1.3,155.0,180.0,1.53,0.6,153.0,189.0,2.6,2.6,23.5,23.1,942.7,942.7,44.0,55.0
2025-06-17 22:00:00+00:00,1.21,1.2,156.0,185.0,1.36,0.69,159.0,278.0,2.6,2.0,23.4,22.4,942.9,942.7,45.0,57.0
2025-06-17 23:00:00+00:00,0.89,1.4,153.0,176.0,0.44,0.39,117.0,270.0,1.9,2.2,23.0,21.9,943.4,943.0,49.0,59.0
2025-06-18 00:00:00+00:00,1.21,1.49,114.0,138.0,3.13,3.25,70.0,95.0,2.0,2.9,22.3,21.2,943.4,943.0,52.0,54.0
2025-06-18 01:00:00+00:00,1.36,0.58,107.0,149.0,3.63,2.2,71.0,69.0,2.2,2.4,24.0,22.7,944.0,943.7,51.0,55.0
2025-06-18 02:00:00+00:00,2.77,0.85,77.0,291.0,4.9,1.36,78.0,21.0,4.7,1.5,27.6,26.2,944.4,944.6,39.0,44.0
2025-06-18 03:00:00+00:00,4.52,1.03,65.0,299.0,5.06,0.88,68.0,297.0,7.6,2.4,29.7,28.0,944.9,945.1,34.0,38.0
2025-06-18 04:00:00+00:00,5.47,0.67,59.0,297.0,6.14,0.66,61.0,297.0,9.2,2.2,31.6,30.2,944.9,945.1,30.0,32.0
2025-06-18 05:00:00+00:00,5.55,0.73,62.0,286.0,6.05,0.71,63.0,286.0,9.6,2.1,33.8,32.1,944.8,944.9,24.0,28.0
2025-06-18 06:00:00+00:00,4.18,2.86,69.0,25.0,4.46,2.89,71.0,24.0,8.9,5.6,35.2,35.9,944.2,944.7,20.0,19.0
2025-06-18 07:00:00+00:00,2.0,1.68,37.0,17.0,1.96,1.71,37.0,13.0,7.1,5.2,36.6,37.0,943.8,944.0,16.0,16.0
2025-06-18 08:00:00+00:00,1.72,2.64,324.0,299.0,1.88,2.81,321.0,299.0,4.1,4.9,37.2,37.8,943.1,943.5,15.0,14.0
2025-06-18 09:00:00+00:00,3.74,3.64,286.0,286.0,4.04,3.97,284.0,286.0,6.5,6.4,37.7,38.2,942.9,943.1,14.0,12.0
2025-06-18 10:00:00+00:00,4.96,4.92,279.0,275.0,5.36,5.4,279.0,274.0,8.3,8.2,37.6,38.1,942.6,942.8,13.0,11.0
2025-06-18 11:00:00+00:00,4.62,5.33,275.0,276.0,5.01,5.93,274.0,278.0,8.3,9.1,37.4,37.6,942.2,942.5,13.0,11.0
2025-06-18 12:00:00+00:00,4.7,5.6,269.0,271.0,5.49,6.57,269.0,273.0,9.1,9.5,36.7,36.7,942.2,942.3,14.0,15.0
2025-06-18 13:00:00+00:00,3.67,5.26,259.0,256.0,4.57,6.8,260.0,258.0,7.8,9.1,36.1,35.8,942.1,942.5,15.0,18.0
2025-06-18 14:00:00+00:00,1.63,3.77,259.0,238.0,3.37,6.81,262.0,247.0,6.0,8.5,34.4,34.1,942.1,942.6,18.0,20.0
2025-06-18 15:00:00+00:00,1.32,2.78,189.0,218.0,2.15,6.27,223.0,241.0,2.5,5.9,31.5,31.2,942.3,942.7,23.0,25.0
2025-06-18 16:00:00+00:00,2.33,2.21,170.0,198.0,4.51,4.93,180.0,229.0,3.7,4.3,28.9,29.2,942.4,943.0,29.0,27.0
2025-06-18 17:00:00+00:00,1.82,2.0,171.0,177.0,5.0,4.12,180.0,205.0,3.7,3.5,28.7,28.1,942.6,942.7,30.0,28.0
2025-06-18 18:00:00+00:00,0.98,0.92,204.0,193.0,3.73,2.64,210.0,222.0,3.4,2.7,27.4,27.5,942.3,943.3,30.0,31.0
2025-06-18 19:00:00+00:00,0.81,1.24,150.0,166.0,1.04,0.84,221.0,234.0,1.5,1.8,26.2,26.2,942.2,943.1,37.0,36.0
2025-06-18 20:00:00+00:00,1.57,1.63,153.0,169.0,0.71,1.08,146.0,185.0,2.3,2.5,24.7,24.6,942.0,942.8,42.0,41.0
2025-06-18 21:00:00+00:00,1.49,1.61,160.0,173.0,1.67,1.58,152.0,187.0,2.5,2.6,24.2,24.3,941.8,942.7,44.0,41.0
2025-06-18 22:00:00+00:00,1.3,1.41,157.0,172.0,1.55,1.62,162.0,194.0,2.4,2.4,24.0,24.0,941.8,942.4,45.0,43.0
2025-06-18 23:00:00+00:00,1.14,1.3,128.0,157.0,1.06,1.18,124.0,180.0,1.9,2.2,23.3,23.5,942.0,942.5,47.0,46.0
2025-06-19 00:00:00+00:00,1.22,1.66,125.0,123.0,1.87,3.33,84.0,88.0,2.2,2.7,21.7,23.2,942.2,942.7,53.0,49.0
2025-06-19 01:00:00+00:00,1.39,1.71,111.0,97.0,3.21,4.08,78.0,80.0,2.2,2.7,23.9,25.2,942.5,943.1,50.0,47.0
2025-06-19 02:00:00+00:00,2.97,3.23,70.0,68.0,5.16,5.68,76.0,75.0,5.1,5.4,28.4,29.1,942.9,943.5,36.0,36.0
2025-06-19 03:00:00+00:00,5.01,5.19,64.0,62.0,5.88,6.01,66.0,66.0,8.5,8.6,31.1,31.5,943.1,943.8,27.0,29.0
2025-06-19 04:00:00+00:00,5.99,6.17,62.0,65.0,6.88,7.11,64.0,67.0,10.1,10.4,33.3,33.6,943.1,943.6,23.0,24.0
2025-06-19 05:00:00+00:00,5.81,6.22,63.0,64.0,6.62,6.97,65.0,66.0,10.3,10.7,35.6,35.8,942.8,943.4,18.0,20.0
2025-06-19 06:00:00+00:00,5.59,6.13,63.0,66.0,6.27,6.68,65.0,68.0,10.7,11.2,36.9,36.7,942.5,942.6,18.0,18.0
2025-06-19 07:00:00+00:00,4.34,5.15,61.0,61.0,4.56,5.43,62.0,62.0,9.5,10.2,38.5,38.3,942.0,942.0,15.0,16.0
2025-06-19 08:00:00+00:00,2.41,2.79,42.0,21.0,2.43,2.82,40.0,20.0,7.4,8.4,39.7,39.6,941.3,941.6,13.0,13.0
2025-06-19 09:00:00+00:00,1.39,1.61,339.0,353.0,1.45,1.59,332.0,349.0,4.7,5.1,40.1,40.3,940.8,941.1,11.0,11.0
2025-06-19 10:00:00+00:00,1.75,0.78,301.0,320.0,1.88,0.9,298.0,311.0,3.8,3.4,40.3,40.6,940.3,940.7,10.0,10.0
2025-06-19 11:00:00+00:00,1.97,0.82,294.0,284.0,2.11,1.0,292.0,281.0,4.0,2.3,40.2,40.7,939.9,940.3,9.0,9.0
2025-06-19 12:00:00+00:00,3.0,2.12,300.0,278.0,3.24,2.37,299.0,277.0,5.2,4.0,39.8,39.8,939.5,939.9,9.0,8.0
2025-06-19 13:00:00+00:00,3.69,3.11,283.0,274.0,4.82,3.73,283.0,273.0,6.2,5.1,38.6,39.0,939.7,940.1,8.0,8.0
2025-06-19 14:00:00+00:00,2.53,2.31,261.0,265.0,5.49,4.61,271.0,271.0,6.1,5.1,35.4,36.6,939.8,940.2,11.0,11.0
2025-06-19 15:00:00+00:00,3.16,1.94,259.0,235.0,8.28,4.91,276.0,265.0,5.0,3.6,31.7,33.1,940.8,940.7,18.0,16.0
2025-06-19 16:00:00+00:00,7.66,4.4,250.0,231.0,16.28,9.46,263.0,260.0,12.8,7.0,30.8,31.1,942.1,941.4,34.0,22.0
2025-06-19 17:00:00+00:00,7.66,6.05,250.0,239.0,14.52,13.26,255.0,262.0,14.3,10.6,30.0,31.5,943.0,941.9,32.0,28.0
2025-06-19 18:00:00+00:00,2.08,6.69,215.0,256.0,5.57,15.62,246.0,260.0,3.5,10.8,26.0,31.1,940.7,942.6,33.0,23.0
2025-06-19 19:00:00+00:00,4.74,7.02,242.0,250.0,14.16,16.64,262.0,255.0,7.7,11.4,25.9,30.0,941.7,942.8,38.0,28.0
2025-06-19 20:00:00+00:00,7.82,8.51,249.0,252.0,15.71,17.43,257.0,258.0,13.1,14.1,27.4,29.4,942.3,943.3,41.0,32.0
2025-06-19 21:00:00+00:00,7.6,10.03,249.0,250.0,16.3,17.25,257.0,255.0,13.0,17.4,27.2,28.0,943.0,943.4,43.0,37.0
2025-06-19 22:00:00+00:00,7.67,8.54,255.0,243.0,14.03,16.15,260.0,253.0,13.8,16.7,26.3,27.3,943.4,943.4,48.0,36.0
2025-06-19 23:00:00+00:00,7.65,7.17,241.0,240.0,15.06,14.16,252.0,253.0,12.9,14.1,25.5,26.6,943.5,943.5,50.0,38.0
2025-06-20 00:00:00+00:00,9.05,7.32,250.0,248.0,16.66,15.09,257.0,261.0,15.3,13.5,25.3,26.4,944.6,944.1,51.0,43.0
2025-06-20 01:00:00+00:00,9.81,8.73,250.0,250.0,16.1,16.16,254.0,259.0,16.9,14.6,25.8,27.2,945.3,945.0,50.0,42.0
2025-06-20 02:00:00+00:00,9.85,9.27,255.0,252.0,14.81,13.74,258.0,254.0,17.9,15.6,25.9,27.8,946.0,945.3,52.0,42.0
2025-06-20 03:00:00+00:00,8.99,9.95,244.0,255.0,12.52,13.92,247.0,256.0,16.8,16.9,26.3,28.7,946.2,945.8,49.0,40.0
2025-06-20 04:00:00+00:00,9.08,9.75,251.0,257.0,12.25,13.35,254.0,259.0,15.7,17.6,26.8,28.7,946.5,946.1,47.0,40.0
2025-06-20 05:00:00+00:00,8.68,9.3,255.0,258.0,11.07,12.6,257.0,261.0,15.5,16.7,27.8,30.0,946.9,946.7,43.0,35.0
2025-06-20 06:00:00+00:00,8.44,9.44,256.0,243.0,11.01,12.89,258.0,245.0,17.3,16.5,27.0,31.5,947.0,945.1,48.0,31.0
2025-06-20 07:00:00+00:00,6.71,9.31,253.0,246.0,8.34,12.43,254.0,247.0,14.4,16.5,27.6,32.8,946.7,945.0,45.0,28.0
2025-06-20 08:00:00+00:00,5.95,7.28,250.0,261.0,6.94,9.16,251.0,264.0,11.4,15.9,28.6,33.4,946.0,944.5,41.0,26.0
2025-06-20 09:00:00+00:00,5.92,7.53,248.0,281.0,6.86,9.46,248.0,283.0,10.3,12.8,29.9,33.6,945.7,944.3,38.0,26.0
2025-06-20 10:00:00+00:00,6.0,7.01,259.0,284.0,6.98,8.46,259.0,286.0,10.4,12.9,30.7,33.4,945.4,944.8,36.0,28.0
2025-06-20 11:00:00+00:00,6.24,7.41,264.0,272.0,7.58,9.14,265.0,274.0,10.8,12.7,30.6,33.4,945.3,945.0,38.0,27.0
2025-06-20 12:00:00+00:00,6.66,5.76,262.0,278.0,8.97,7.44,264.0,279.0,11.5,9.8,27.0,30.9,947.3,945.7,55.0,32.0
2025-06-20 13:00:00+00:00,6.03,6.0,264.0,271.0,8.55,8.84,265.0,274.0,11.4,10.1,26.2,30.1,947.4,946.1,60.0,34.0
2025-06-20 14:00:00+00:00,5.63,5.73,264.0,264.0,8.93,9.71,266.0,268.0,10.1,10.0,25.5,28.7,948.1,946.5,65.0,40.0
2025-06-20 15:00:00+00:00,5.93,8.3,264.0,271.0,10.19,14.04,269.0,274.0,9.9,14.1,24.6,27.2,948.7,947.7,73.0,50.0
2025-06-20 16:00:00+00:00,5.15,8.84,252.0,265.0,8.96,14.02,257.0,268.0,10.4,15.6,23.2,24.9,949.6,948.8,84.0,67.0
2025-06-20 17:00:00+00:00,3.14,6.94,248.0,258.0,7.34,10.82,261.0,261.0,8.5,15.3,22.8,23.2,949.8,949.4,85.0,76.0
2025-06-20 18:00:00+00:00,2.56,7.11,231.0,244.0,5.64,11.65,253.0,250.0,4.8,12.7,23.1,23.8,950.0,948.5,71.0,69.0
2025-06-20 19:00:00+00:00,2.14,5.42,233.0,247.0,5.17,9.86,260.0,254.0,4.1,11.8,22.5,22.9,950.1,948.8,73.0,72.0
2025-06-20 20:00:00+00:00,1.75,3.97,211.0,221.0,3.9,8.29,258.0,246.0,3.4,8.8,22.0,22.7,949.8,949.1,74.0,73.0
2025-06-20 21:00:00+00:00,1.6,3.83,180.0,229.0,2.42,8.1,238.0,249.0,2.8,6.4,21.4,22.9,949.5,949.4,72.0,71.0
2025-06-20 22:00:00+00:00,1.5,3.75,176.0,226.0,1.93,6.52,210.0,237.0,2.6,8.4,20.9,22.0,949.5,949.7,71.0,80.0
2025-06-20 23:00:00+00:00,1.26,2.82,162.0,207.0,1.76,6.74,180.0,221.0,2.4,8.8,20.6,21.8,949.8,949.8,70.0,78.0
2025-06-21 00:00:00+00:00,0.94,1.5,148.0,176.0,0.4,1.53,194.0,220.0,1.6,2.4,18.9,19.9,950.5,950.2,84.0,75.0
2025-06-21 01:00:00+00:00,0.81,1.2,120.0,185.0,0.98,1.46,90.0,200.0,1.6,2.4,20.6,22.0,950.5,950.6,79.0,67.0
2025-06-21 02:00:00+00:00,1.53,0.73,79.0,196.0,1.86,1.33,87.0,197.0,2.7,2.0,24.3,26.2,951.1,951.3,57.0,47.0
2025-06-21 03:00:00+00:00,1.88,0.36,65.0,304.0,2.02,0.29,67.0,270.0,3.7,1.5,26.6,28.7,951.2,951.6,52.0,36.0
2025-06-21 04:00:00+00:00,1.48,1.34,62.0,297.0,1.49,1.36,67.0,291.0,3.9,3.1,29.5,30.5,951.1,951.5,37.0,33.0
2025-06-21 05:00:00+00:00,0.91,2.1,6.0,295.0,0.79,2.11,7.0,292.0,3.3,4.2,31.7,32.2,950.8,951.3,27.0,29.0
2025-06-21 06:00:00+00:00,4.08,2.33,59.0,317.0,4.47,2.43,61.0,317.0,9.0,4.6,32.8,32.0,949.9,951.0,28.0,29.0
2025-06-21 07:00:00+00:00,4.04,3.44,48.0,306.0,4.3,3.59,49.0,305.0,7.6,6.1,34.5,33.3,949.4,950.6,20.0,25.0
2025-06-21 08:00:00+00:00,3.48,4.39,39.0,300.0,3.83,4.65,40.0,300.0,7.2,7.6,35.5,33.8,948.7,950.1,16.0,23.0
2025-06-21 09:00:00+00:00,3.02,4.74,34.0,295.0,3.32,5.13,34.0,296.0,6.5,8.2,36.1,34.1,947.9,949.6,15.0,23.0
2025-06-21 10:00:00+00:00,2.37,4.96,28.0,289.0,2.59,5.39,29.0,289.0,5.8,8.6,36.3,34.0,947.2,949.0,16.0,22.0
2025-06-21 11:00:00+00:00,1.92,4.79,28.0,281.0,2.1,5.3,28.0,282.0,4.8,8.6,36.1,33.7,946.5,948.5,17.0,22.0
2025-06-21 12:00:00+00:00,2.31,2.09,275.0,287.0,2.47,2.17,277.0,288.0,4.0,4.2,34.5,35.5,946.9,946.7,13.0,15.0
2025-06-21 13:00:00+00:00,2.43,2.3,261.0,268.0,2.98,2.65,261.0,270.0,4.2,4.1,33.6,34.6,946.7,946.4,14.0,15.0
2025-06-21 14:00:00+00:00,2.06,2.33,241.0,245.0,3.88,4.11,249.0,258.0,4.1,4.1,30.9,32.2,946.5,946.2,22.0,20.0
2025-06-21 15:00:00+00:00,1.7,2.2,225.0,219.0,3.63,4.68,251.0,254.0,3.3,3.9,27.7,28.5,946.3,946.0,32.0,28.0
2025-06-21 16:00:00+00:00,1.71,1.81,187.0,186.0,2.54,3.15,254.0,244.0,2.7,3.5,25.0,25.8,946.0,945.7,43.0,36.0
2025-06-21 17:00:00+00:00,1.8,1.61,161.0,173.0,1.12,2.06,195.0,205.0,2.9,3.0,23.4,24.4,945.6,945.3,48.0,39.0
2025-06-21 18:00:00+00:00,1.84,1.5,119.0,180.0,5.0,2.77,90.0,222.0,3.2,2.5,22.2,25.3,944.7,945.3,56.0,32.0
2025-06-21 19:00:00+00:00,2.04,1.26,101.0,162.0,6.43,1.23,82.0,209.0,3.2,2.4,21.8,24.3,944.3,945.0,55.0,35.0
2025-06-21 20:00:00+00:00,2.61,1.2,94.0,132.0,7.67,1.36,85.0,69.0,4.1,1.9,21.4,23.1,944.0,944.7,56.0,40.0
2025-06-21 21:00:00+00:00,2.9,1.56,88.0,135.0,8.25,3.38,86.0,80.0,4.7,2.5,21.2,22.5,943.6,944.4,59.0,42.0
2025-06-21 22:00:00+00:00,3.16,1.44,79.0,124.0,8.51,3.93,82.0,86.0,5.2,2.6,20.9,22.3,943.3,944.1,61.0,41.0
2025-06-21 23:00:00+00:00,3.35,1.41,73.0,98.0,8.99,4.59,79.0,70.0,5.6,2.3,20.7,22.0,942.9,944.0,62.0,42.0
2025-06-22 00:00:00+00:00,2.96,3.16,78.0,79.0,7.92,8.94,78.0,77.0,4.8,5.2,20.2,21.7,942.9,944.0,71.0,53.0
2025-06-22 01:00:00+00:00,3.29,3.96,70.0,69.0,8.25,9.32,74.0,75.0,5.5,6.7,21.7,24.1,942.9,944.1,68.0,46.0
2025-06-22 02:00:00+00:00,4.34,6.04,61.0,61.0,8.86,9.59,70.0,68.0,7.3,10.2,23.9,27.1,942.9,944.3,60.0,39.0
2025-06-22 03:00:00+00:00,5.3,7.78,58.0,64.0,8.94,10.09,65.0,66.0,8.9,13.4,25.7,29.4,943.0,944.0,53.0,33.0
2025-06-22 04:00:00+00:00,5.99,8.08,57.0,68.0,7.78,10.29,59.0,71.0,10.1,14.2,27.4,31.4,942.9,943.6,45.0,29.0
2025-06-22 05:00:00+00:00,5.08,8.32,58.0,70.0,6.37,10.53,59.0,72.0,10.2,14.6,28.7,33.1,942.8,943.0,38.0,24.0
2025-06-22 06:00:00+00:00,3.05,5.44,41.0,238.0,3.53,6.5,44.0,239.0,8.2,9.7,30.8,28.1,942.9,944.8,27.0,42.0
2025-06-22 07:00:00+00:00,0.76,6.38,337.0,238.0,0.71,8.74,344.0,240.0,5.1,11.2,31.0,26.5,943.1,945.2,27.0,45.0
2025-06-22 08:00:00+00:00,2.34,5.82,220.0,254.0,2.18,7.94,216.0,254.0,3.9,11.9,30.8,22.7,943.1,945.3,28.0,71.0
2025-06-22 09:00:00+00:00,4.44,4.73,239.0,264.0,5.01,6.78,239.0,266.0,7.4,10.1,30.0,21.7,943.1,945.5,30.0,77.0
2025-06-22 10:00:00+00:00,6.47,3.83,238.0,263.0,7.73,6.58,240.0,267.0,10.7,8.3,27.6,22.0,943.6,945.6,43.0,71.0
2025-06-22 11:00:00+00:00,6.0,3.11,246.0,264.0,7.98,6.17,245.0,271.0,11.5,6.6,25.2,22.4,944.1,945.6,54.0,68.0
2025-06-22 12:00:00+00:00,2.72,7.28,253.0,261.0,6.76,11.66,268.0,259.0,5.6,13.9,21.4,29.1,944.8,942.7,71.0,41.0
2025-06-22 13:00:00+00:00,3.88,6.96,235.0,235.0,7.98,11.56,256.0,234.0,6.3,13.4,21.6,27.8,944.9,943.2,75.0,32.0
2025-06-22 14:00:00+00:00,5.08,6.14,216.0,217.0,9.54,12.45,234.0,215.0,8.4,11.5,21.9,27.0,944.5,943.1,68.0,35.0
2025-06-22 15:00:00+00:00,3.12,5.65,220.0,203.0,8.73,11.85,225.0,201.0,8.4,10.7,22.0,26.2,944.6,943.3,62.0,42.0
2025-06-22 16:00:00+00:00,1.4,2.97,274.0,213.0,5.61,8.21,258.0,203.0,4.8,9.3,21.1,26.2,944.9,943.7,74.0,42.0
2025-06-22 17:00:00+00:00,1.39,2.55,210.0,225.0,4.52,7.67,266.0,208.0,2.2,4.8,20.7,25.7,944.7,943.7,80.0,44.0
2025-06-22 18:00:00+00:00,2.33,6.76,205.0,209.0,5.13,13.7,227.0,210.0,4.0,14.4,21.0,24.9,944.1,944.1,74.0,46.0
2025-06-22 19:00:00+00:00,1.49,5.59,200.0,209.0,4.32,11.88,231.0,208.0,3.9,11.2,21.0,24.1,944.0,944.2,73.0,50.0
2025-06-22 20:00:00+00:00,0.71,4.33,172.0,199.0,2.48,10.47,252.0,199.0,2.4,9.2,20.5,23.5,943.9,944.2,78.0,53.0
2025-06-22 21:00:00+00:00,0.82,2.72,104.0,186.0,0.88,7.78,333.0,191.0,1.2,7.1,19.7,23.4,944.0,944.3,85.0,53.0
2025-06-22 22:00:00+00:00,1.22,1.84,125.0,131.0,1.67,5.75,69.0,166.0,2.0,4.3,18.7,23.1,944.0,944.5,91.0,55.0
2025-06-22 23:00:00+00:00,1.44,2.16,124.0,103.0,2.86,5.43,84.0,141.0,2.3,3.5,18.2,22.5,944.0,944.8,90.0,60.0
2025-06-23 00:00:00+00:00,1.06,1.5,139.0,127.0,0.31,4.04,342.0,84.0,1.9,2.5,17.5,20.3,944.0,944.6,85.0,75.0
2025-06-23 01:00:00+00:00,1.08,0.58,112.0,121.0,1.85,2.92,58.0,76.0,1.8,3.2,18.7,21.3,944.3,945.0,87.0,75.0
2025-06-23 02:00:00+00:00,1.46,1.65,74.0,104.0,2.95,3.82,69.0,91.0,2.5,4.0,22.4,23.4,945.1,945.2,81.0,72.0
2025-06-23 03:00:00+00:00,3.13,4.36,63.0,58.0,3.64,5.22,66.0,62.0,5.6,7.6,24.4,25.7,945.6,945.7,61.0,55.0
2025-06-23 04:00:00+00:00,3.29,5.39,70.0,68.0,3.72,6.45,72.0,70.0,6.0,9.3,26.2,27.7,945.6,945.7,53.0,47.0
2025-06-23 05:00:00+00:00,2.97,5.5,70.0,71.0,3.32,6.35,71.0,73.0,5.9,9.6,28.1,29.6,945.4,945.8,46.0,40.0
2025-06-23 06:00:00+00:00,4.7,8.32,63.0,64.0,5.48,9.92,66.0,67.0,9.4,14.4,29.9,29.1,944.8,945.8,39.0,49.0
2025-06-23 07:00:00+00:00,4.02,8.06,63.0,67.0,4.43,9.55,65.0,69.0,8.6,14.3,31.4,30.8,944.3,945.2,33.0,43.0
2025-06-23 08:00:00+00:00,3.44,7.43,64.0,70.0,3.68,8.55,65.0,72.0,7.3,13.8,32.7,32.2,944.0,944.7,28.0,38.0
2025-06-23 09:00:00+00:00,2.86,6.32,65.0,72.0,3.17,7.23,68.0,74.0,6.4,12.6,33.7,33.4,943.5,944.1,24.0,32.0
2025-06-23 10:00:00+00:00,2.6,4.97,74.0,75.0,2.83,5.42,76.0,77.0,5.6,10.8,34.2,34.4,943.1,943.6,21.0,27.0
2025-06-23 11:00:00+00:00,2.0,4.37,87.0,70.0,2.16,4.71,90.0,73.0,5.1,8.4,34.3,34.6,942.8,943.0,20.0,24.0
2025-06-23 12:00:00+00:00,1.56,1.8,225.0,214.0,1.87,2.1,227.0,217.0,3.0,3.1,33.2,33.0,942.9,942.8,25.0,23.0
2025-06-23 13:00:00+00:00,1.2,0.94,222.0,148.0,2.22,1.68,229.0,173.0,3.1,3.1,31.9,31.4,942.9,942.7,33.0,38.0
2025-06-23 14:00:00+00:00,1.04,2.02,197.0,99.0,2.43,3.53,220.0,109.0,2.0,3.3,29.3,28.3,943.0,942.7,50.0,59.0
2025-06-23 15:00:00+00:00,1.33,2.62,167.0,72.0,2.54,6.1,196.0,84.0,2.1,4.3,26.4,26.3,943.1,942.9,63.0,67.0
2025-06-23 16:00:00+00:00,1.53,2.64,122.0,53.0,2.82,7.24,110.0,67.0,2.6,4.3,24.3,25.1,943.4,943.3,76.0,70.0
2025-06-23 17:00:00+00:00,1.8,2.47,90.0,69.0,6.0,7.56,85.0,71.0,3.4,4.3,23.7,24.2,943.4,943.4,77.0,71.0
2025-06-23 18:00:00+00:00,1.64,1.36,142.0,126.0,5.24,2.61,111.0,124.0,4.3,2.4,24.2,23.4,944.3,943.1,66.0,73.0
2025-06-23 19:00:00+00:00,0.71,1.14,98.0,75.0,2.77,3.06,113.0,83.0,2.7,2.2,23.8,22.7,944.1,943.0,72.0,77.0
2025-06-23 20:00:00+00:00,1.51,1.58,82.0,55.0,3.98,5.3,80.0,56.0,2.5,2.5,22.8,22.3,943.8,943.2,77.0,82.0
2025-06-23 21:00:00+00:00,1.84,2.0,77.0,87.0,5.89,6.73,72.0,69.0,3.1,3.3,22.1,22.0,943.4,943.1,80.0,80.0
2025-06-23 22:00:00+00:00,2.04,2.2,79.0,87.0,6.66,7.15,73.0,77.0,3.5,3.7,21.7,21.6,943.1,943.2,80.0,80.0
2025-06-23 23:00:00+00:00,2.38,2.26,75.0,77.0,7.42,7.51,75.0,78.0,4.0,3.9,21.5,21.3,943.2,943.3,78.0,78.0
2025-06-24 00:00:00+00:00,2.09,2.08,73.0,55.0,6.42,7.15,74.0,61.0,3.5,3.5,22.4,21.3,943.5,943.7,73.0,80.0
2025-06-24 01:00:00+00:00,2.87,2.79,61.0,69.0,7.37,7.57,67.0,69.0,5.0,4.6,24.1,22.6,943.9,944.1,64.0,74.0
2025-06-24 02:00:00+00:00,4.44,3.52,59.0,55.0,7.98,7.01,65.0,65.0,7.8,6.2,26.2,24.3,944.6,944.5,54.0,66.0
2025-06-24 03:00:00+00:00,5.95,4.77,61.0,57.0,7.97,6.2,64.0,59.0,10.6,8.2,28.1,26.3,944.8,944.8,46.0,55.0
2025-06-24 04:00:00+00:00,6.26,5.2,63.0,60.0,8.03,6.58,66.0,62.0,11.2,9.1,30.0,27.9,944.6,944.9,39.0,48.0
2025-06-24 05:00:00+00:00,5.99,5.48,64.0,69.0,7.37,6.76,67.0,71.0,11.2,9.6,31.7,29.7,944.3,944.6,35.0,41.0
2025-06-24 06:00:00+00:00,5.59,4.7,66.0,66.0,6.99,5.62,68.0,67.0,11.3,9.8,31.9,31.5,944.1,944.2,38.0,36.0
2025-06-24 07:00:00+00:00,5.52,3.89,55.0,64.0,6.79,4.39,57.0,66.0,10.5,8.6,33.5,33.3,944.0,943.7,34.0,31.0
2025-06-24 08:00:00+00:00,5.02,2.55,55.0,48.0,6.14,2.71,56.0,49.0,10.4,7.0,34.7,34.8,943.5,943.2,29.0,25.0
2025-06-24 09:00:00+00:00,3.22,1.93,54.0,21.0,3.53,2.11,56.0,22.0,9.6,5.0,35.7,35.7,943.4,942.7,24.0,21.0
2025-06-24 10:00:00+00:00,1.0,1.48,323.0,332.0,1.11,1.67,315.0,332.0,6.2,4.2,35.8,36.1,943.0,942.3,20.0,19.0
2025-06-24 11:00:00+00:00,4.48,2.06,241.0,293.0,5.7,2.29,241.0,290.0,8.3,4.1,35.4,36.1,942.7,941.9,19.0,19.0
2025-06-24 12:00:00+00:00,2.04,1.49,191.0,290.0,2.33,1.64,195.0,287.0,3.6,3.9,35.2,34.0,941.7,942.2,22.0,28.0
2025-06-24 13:00:00+00:00,2.92,1.1,211.0,275.0,4.0,1.48,211.0,278.0,5.3,2.9,33.6,33.2,942.0,942.1,29.0,30.0
2025-06-24 14:00:00+00:00,1.8,0.5,326.0,180.0,3.2,0.49,320.0,217.0,4.8,1.8,31.1,31.4,942.6,942.0,42.0,47.0
2025-06-24 15:00:00+00:00,1.57,0.7,27.0,180.0,4.59,0.57,16.0,211.0,3.4,1.0,28.8,29.1,942.9,942.0,51.0,56.0
2025-06-24 16:00:00+00:00,1.57,1.14,117.0,165.0,3.64,0.14,63.0,225.0,2.5,1.6,27.3,26.9,942.8,941.9,57.0,66.0
2025-06-24 17:00:00+00:00,1.64,1.55,142.0,165.0,3.69,1.33,101.0,144.0,2.8,2.5,25.8,24.8,942.6,941.6,63.0,71.0
2025-06-24 18:00:00+00:00,1.53,1.61,148.0,150.0,3.23,3.59,145.0,145.0,2.7,2.9,25.9,25.3,943.1,941.4,50.0,61.0
2025-06-24 19:00:00+00:00,1.3,0.72,122.0,124.0,2.69,2.08,123.0,131.0,2.5,2.6,25.1,24.7,942.8,941.4,53.0,65.0
2025-06-24 20:00:00+00:00,1.9,0.5,108.0,90.0,3.69,1.61,101.0,52.0,3.0,1.8,24.4,23.9,942.4,941.4,60.0,73.0
2025-06-24 21:00:00+00:00,2.31,1.48,108.0,118.0,5.02,3.4,102.0,49.0,3.7,2.4,24.1,23.8,942.1,941.5,61.0,73.0
2025-06-24 22:00:00+00:00,2.22,1.48,82.0,152.0,5.2,3.24,88.0,87.0,3.7,3.1,23.8,23.0,942.0,941.4,60.0,74.0
2025-06-24 23:00:00+00:00,2.55,2.06,79.0,141.0,6.37,4.96,76.0,108.0,4.0,3.5,23.4,22.9,942.1,941.5,61.0,70.0
2025-06-25 00:00:00+00:00,2.73,2.42,82.0,52.0,7.49,7.72,79.0,61.0,4.5,4.5,23.3,24.1,941.8,942.1,57.0,60.0
2025-06-25 01:00:00+00:00,2.86,1.75,54.0,66.0,7.14,6.58,65.0,57.0,4.6,4.1,24.7,25.0,942.4,943.2,54.0,56.0
2025-06-25 02:00:00+00:00,4.7,2.82,63.0,117.0,8.68,6.17,70.0,90.0,7.8,5.0,26.9,26.2,942.8,943.9,45.0,54.0
2025-06-25 03:00:00+00:00,6.62,4.65,52.0,115.0,8.35,8.31,54.0,111.0,11.1,8.2,28.9,27.8,943.5,943.5,40.0,47.0
2025-06-25 04:00:00+00:00,7.22,4.71,59.0,86.0,8.91,6.27,60.0,91.0,12.2,8.6,30.6,30.9,943.6,943.4,34.0,34.0
2025-06-25 05:00:00+00:00,7.1,6.14,80.0,71.0,8.8,7.63,82.0,74.0,12.3,11.0,31.7,33.2,943.1,943.5,32.0,28.0
2025-06-25 06:00:00+00:00,8.01,6.96,61.0,69.0,10.17,9.2,62.0,71.0,16.1,13.3,32.7,34.2,941.6,942.3,32.0,27.0
2025-06-25 07:00:00+00:00,6.11,6.43,69.0,69.0,7.19,8.37,70.0,72.0,13.7,13.0,34.1,35.7,941.6,941.7,28.0,24.0
2025-06-25 08:00:00+00:00,3.38,5.6,56.0,71.0,3.7,7.04,58.0,74.0,10.4,12.1,35.6,37.1,941.8,941.0,25.0,22.0
2025-06-25 09:00:00+00:00,2.11,4.7,301.0,63.0,2.41,5.57,297.0,66.0,5.9,10.6,36.8,38.1,942.0,940.6,21.0,19.0
2025-06-25 10:00:00+00:00,4.73,3.83,276.0,33.0,5.52,4.43,276.0,35.0,8.2,8.9,37.4,38.6,941.5,940.1,16.0,17.0
2025-06-25 11:00:00+00:00,5.52,2.84,275.0,10.0,6.79,3.38,275.0,10.0,9.5,7.4,36.9,38.8,941.2,939.8,15.0,14.0
2025-06-25 12:00:00+00:00,3.76,2.97,287.0,318.0,4.37,3.33,286.0,315.0,7.0,5.2,36.2,37.7,941.2,939.8,17.0,16.0
2025-06-25 13:00:00+00:00,2.95,2.26,294.0,315.0,4.04,2.91,293.0,312.0,6.3,5.5,35.5,36.7,941.5,939.8,18.0,17.0
2025-06-25 14:00:00+00:00,0.85,1.35,291.0,318.0,2.37,2.77,300.0,315.0,4.7,3.8,33.8,34.0,941.5,939.7,25.0,25.0
2025-06-25 15:00:00+00:00,1.55,0.71,165.0,225.0,1.14,1.73,211.0,313.0,2.3,2.0,31.6,32.1,941.3,939.8,33.0,35.0
2025-06-25 16:00:00+00:00,2.51,1.8,157.0,177.0,4.09,1.38,163.0,184.0,4.0,2.9,29.1,29.1,940.8,939.7,40.0,43.0
2025-06-25 17:00:00+00:00,2.44,2.86,125.0,258.0,5.68,5.21,136.0,266.0,4.0,4.7,28.8,27.4,939.8,940.2,41.0,49.0
2025-06-25 18:00:00+00:00,1.84,0.85,139.0,249.0,3.78,1.82,107.0,324.0,3.5,2.4,28.1,27.1,940.1,940.7,40.0,45.0
2025-06-25 19:00:00+00:00,0.95,3.0,72.0,270.0,2.94,7.54,53.0,308.0,2.8,4.7,27.0,27.0,939.9,941.8,45.0,45.0
2025-06-25 20:00:00+00:00,1.7,1.8,183.0,109.0,1.9,4.06,35.0,20.0,2.6,4.8,26.0,27.1,940.2,941.3,48.0,45.0
2025-06-25 21:00:00+00:00,2.16,2.18,193.0,164.0,1.47,2.92,217.0,104.0,3.4,3.4,24.6,25.8,939.7,941.4,51.0,49.0
2025-06-25 22:00:00+00:00,1.6,1.98,176.0,135.0,1.89,3.69,201.0,112.0,3.4,3.4,25.4,25.6,939.7,941.3,46.0,50.0
2025-06-25 23:00:00+00:00,1.36,2.02,343.0,110.0,3.29,5.09,337.0,120.0,4.1,3.4,24.9,25.5,940.0,941.3,50.0,49.0
2025-06-26 00:00:00+00:00,4.46,2.92,224.0,158.0,6.01,7.38,242.0,163.0,7.0,6.2,25.4,27.2,941.1,942.3,51.0,36.0
2025-06-26 01:00:00+00:00,3.84,2.7,231.0,90.0,8.49,5.27,251.0,135.0,8.7,4.5,26.3,27.1,942.0,943.0,47.0,38.0
2025-06-26 02:00:00+00:00,6.43,3.21,265.0,85.0,8.83,7.11,267.0,120.0,10.4,7.3,26.4,28.1,943.9,942.3,49.0,39.0
2025-06-26 03:00:00+00:00,6.04,6.05,254.0,34.0,7.75,7.93,257.0,40.0,11.4,9.9,27.6,29.4,945.1,943.2,46.0,37.0
2025-06-26 04:00:00+00:00,4.54,5.38,262.0,48.0,5.13,6.46,263.0,49.0,9.9,10.8,28.2,30.9,945.4,943.9,43.0,32.0
2025-06-26 05:00:00+00:00,3.3,1.65,272.0,14.0,3.53,1.81,273.0,13.0,7.5,8.9,29.5,31.7,945.6,944.8,40.0,32.0
2025-06-26 06:00:00+00:00,3.89,3.51,299.0,275.0,4.22,3.74,301.0,276.0,8.3,6.2,30.6,31.9,946.0,944.6,37.0,34.0
2025-06-26 07:00:00+00:00,3.69,5.0,303.0,271.0,3.89,5.39,304.0,272.0,6.7,8.6,31.3,32.1,945.7,944.2,35.0,37.0
2025-06-26 08:00:00+00:00,3.69,5.74,303.0,277.0,3.97,6.62,303.0,278.0,6.5,9.9,31.8,32.8,945.4,944.2,32.0,31.0
2025-06-26 09:00:00+00:00,3.26,6.86,297.0,278.0,3.51,8.22,297.0,278.0,6.5,11.9,32.2,31.9,945.1,944.4,30.0,32.0
2025-06-26 10:00:00+00:00,2.62,6.48,310.0,283.0,2.85,8.08,311.0,284.0,5.8,11.7,32.3,31.8,944.9,944.7,28.0,32.0
2025-06-26 11:00:00+00:00,4.32,5.79,318.0,288.0,4.92,7.37,317.0,289.0,7.4,11.1,31.3,31.4,945.2,944.9,29.0,30.0
2025-06-26 12:00:00+00:00,5.04,3.81,284.0,300.0,6.08,4.34,285.0,298.0,8.8,6.5,30.9,30.9,945.0,945.0,29.0,35.0
2025-06-26 13:00:00+00:00,4.62,4.05,292.0,310.0,5.97,5.02,293.0,309.0,8.4,7.0,30.3,30.1,945.0,945.1,29.0,38.0
2025-06-26 14:00:00+00:00,4.26,3.55,279.0,310.0,6.63,6.18,283.0,312.0,7.5,6.8,29.1,29.1,945.3,945.4,34.0,41.0
2025-06-26 15:00:00+00:00,4.0,3.06,233.0,281.0,7.19,6.93,253.0,293.0,6.8,5.8,27.4,27.8,945.5,945.8,43.0,46.0
2025-06-26 16:00:00+00:00,4.95,5.69,256.0,236.0,10.0,10.52,272.0,241.0,7.9,9.3,26.5,26.2,946.3,946.4,47.0,53.0
2025-06-26 17:00:00+00:00,5.25,4.27,252.0,213.0,8.33,8.12,271.0,222.0,8.4,9.5,25.3,25.4,946.5,946.8,49.0,53.0
2025-06-26 18:00:00+00:00,1.12,3.89,207.0,241.0,2.15,5.82,240.0,237.0,1.9,7.7,24.0,23.2,945.0,946.3,70.0,63.0
2025-06-26 19:00:00+00:00,1.24,1.7,194.0,273.0,1.74,3.4,232.0,258.0,1.9,6.3,23.5,22.6,944.5,946.0,72.0,67.0
2025-06-26 20:00:00+00:00,1.26,0.72,198.0,304.0,1.69,2.18,234.0,278.0,2.0,2.6,22.8,22.1,944.2,945.9,74.0,71.0
2025-06-26 21:00:00+00:00,1.63,0.81,191.0,120.0,2.1,0.35,217.0,236.0,2.5,1.2,22.0,21.9,944.0,945.6,73.0,72.0
2025-06-26 22:00:00+00:00,1.57,0.45,207.0,153.0,2.59,0.22,241.0,207.0,2.5,1.2,21.6,21.8,943.9,945.4,71.0,75.0
2025-06-26 23:00:00+00:00,1.64,1.06,218.0,319.0,3.23,1.46,268.0,312.0,2.8,2.4,21.4,21.4,944.2,945.8,69.0,77.0
2025-06-27 00:00:00+00:00,2.28,1.84,218.0,221.0,4.43,3.1,265.0,215.0,3.6,2.9,20.9,21.1,945.0,946.0,72.0,77.0
2025-06-27 01:00:00+00:00,3.76,2.51,241.0,275.0,7.57,4.61,266.0,269.0,5.9,4.0,22.5,21.7,945.8,946.5,71.0,76.0
2025-06-27 02:00:00+00:00,6.02,4.6,259.0,270.0,8.11,5.88,262.0,272.0,9.8,7.6,23.3,21.9,946.8,947.2,63.0,74.0
2025-06-27 03:00:00+00:00,5.51,6.4,254.0,268.0,6.46,8.33,256.0,269.0,9.9,10.9,22.3,20.3,947.4,948.0,64.0,81.0
2025-06-27 04:00:00+00:00,4.72,5.03,234.0,249.0,5.55,6.08,234.0,249.0,9.0,10.5,21.4,20.3,947.6,948.0,65.0,79.0
2025-06-27 05:00:00+00:00,4.22,3.68,248.0,227.0,4.88,4.16,248.0,227.0,7.8,8.4,21.6,21.2,948.0,947.8,66.0,77.0
2025-06-27 06:00:00+00:00,5.49,2.92,260.0,264.0,6.48,3.26,260.0,263.0,9.5,6.6,22.9,22.6,948.5,947.9,73.0,68.0
2025-06-27 07:00:00+00:00,5.95,4.92,262.0,257.0,6.93,5.75,262.0,256.0,10.3,8.4,24.2,24.1,948.3,947.7,64.0,56.0
2025-06-27 08:00:00+00:00,5.95,5.24,262.0,257.0,7.12,6.06,262.0,256.0,10.5,9.8,25.8,25.0,947.9,947.3,53.0,54.0
2025-06-27 09:00:00+00:00,5.83,5.71,264.0,273.0,6.99,6.67,264.0,273.0,10.6,9.7,26.8,26.1,947.5,947.0,46.0,51.0
2025-06-27 10:00:00+00:00,5.66,5.4,278.0,270.0,6.83,6.27,278.0,270.0,10.3,9.9,27.0,26.3,947.4,946.8,43.0,48.0
2025-06-27 11:00:00+00:00,5.1,5.15,281.0,278.0,6.09,6.04,281.0,278.0,9.8,9.1,27.1,26.4,947.3,946.5,40.0,48.0
2025-06-27 12:00:00+00:00,4.3,5.26,252.0,256.0,5.24,6.73,253.0,257.0,8.4,10.1,24.8,23.7,947.5,947.8,48.0,51.0
2025-06-27 13:00:00+00:00,3.4,3.89,242.0,241.0,4.82,5.08,243.0,242.0,7.2,8.6,24.1,23.5,947.2,947.7,52.0,53.0
2025-06-27 14:00:00+00:00,2.0,2.58,217.0,216.0,4.02,4.57,227.0,225.0,5.5,6.3,22.7,22.6,946.9,947.6,64.0,61.0
2025-06-27 15:00:00+00:00,1.6,1.9,180.0,180.0,3.42,3.77,204.0,205.0,3.2,4.0,21.2,21.4,946.9,947.6,71.0,67.0
2025-06-27 16:00:00+00:00,1.53,1.73,169.0,170.0,2.98,3.65,189.0,186.0,2.6,3.0,20.1,20.4,946.8,947.4,76.0,72.0
2025-06-27 17:00:00+00:00,1.43,1.17,155.0,149.0,2.47,2.66,173.0,174.0,2.5,2.7,19.3,19.8,946.2,947.1,80.0,75.0
2025-06-27 18:00:00+00:00,1.35,1.61,132.0,150.0,1.53,2.04,130.0,145.0,2.1,2.7,19.1,20.1,946.4,946.6,90.0,77.0
2025-06-27 19:00:00+00:00,1.53,1.64,122.0,142.0,2.45,2.43,106.0,133.0,2.4,2.6,18.7,19.6,945.8,946.1,90.0,78.0
2025-06-27 20:00:00+00:00,2.12,1.49,98.0,132.0,4.6,2.55,90.0,122.0,3.4,2.5,18.3,19.2,945.3,945.5,91.0,79.0
2025-06-27 21:00:00+00:00,3.23,1.48,74.0,118.0,7.59,2.68,79.0,114.0,5.3,2.3,18.2,18.7,945.0,945.2,87.0,81.0
2025-06-27 22:00:00+00:00,3.67,1.62,64.0,112.0,8.31,3.08,73.0,99.0,6.0,2.5,17.8,18.2,944.7,944.7,85.0,83.0
2025-06-27 23:00:00+00:00,4.02,2.11,63.0,95.0,8.89,4.43,71.0,85.0,6.6,3.3,17.3,18.0,944.6,944.5,89.0,84.0
2025-06-28 00:00:00+00:00,3.08,2.91,77.0,74.0,7.51,7.25,78.0,77.0,4.9,4.7,17.9,18.3,944.4,944.4,85.0,83.0
2025-06-28 01:00:00+00:00,3.72,3.71,66.0,63.0,7.85,7.31,74.0,72.0,6.1,6.1,19.3,19.6,944.5,944.7,78.0,77.0
2025-06-28 02:00:00+00:00,5.16,5.25,58.0,59.0,7.99,6.58,67.0,62.0,8.6,8.8,21.0,21.1,944.9,944.9,72.0,70.0
2025-06-28 03:00:00+00:00,6.55,6.16,59.0,58.0,8.16,7.38,61.0,60.0,11.0,10.3,22.8,22.7,944.8,944.8,64.0,65.0
2025-06-28 04:00:00+00:00,7.07,6.5,61.0,59.0,8.68,7.58,63.0,61.0,11.9,10.9,24.6,24.6,944.6,944.7,56.0,57.0
2025-06-28 05:00:00+00:00,6.93,6.35,63.0,62.0,8.29,7.23,66.0,63.0,12.0,10.9,26.3,26.5,944.1,944.3,48.0,50.0
2025-06-28 06:00:00+00:00,6.0,7.07,66.0,65.0,6.68,8.43,68.0,67.0,11.3,13.1,28.7,27.8,943.2,943.6,37.0,42.0
2025-06-28 07:00:00+00:00,4.88,6.26,62.0,63.0,5.26,7.14,63.0,65.0,9.9,12.3,30.3,29.5,942.4,943.0,29.0,33.0
2025-06-28 08:00:00+00:00,3.55,5.05,58.0,63.0,3.73,5.65,60.0,64.0,8.1,10.8,31.6,30.8,941.8,942.3,21.0,27.0
2025-06-28 09:00:00+00:00,2.33,3.85,59.0,62.0,2.46,4.12,61.0,65.0,6.2,8.8,32.7,31.8,941.1,941.8,16.0,24.0
2025-06-28 10:00:00+00:00,1.06,2.61,49.0,58.0,1.04,2.67,49.0,62.0,4.5,6.7,33.3,32.4,940.4,941.3,14.0,22.0
2025-06-28 11:00:00+00:00,0.36,1.36,304.0,54.0,0.44,1.41,297.0,56.0,2.5,4.9,33.4,32.6,940.0,940.8,15.0,21.0
2025-06-28 12:00:00+00:00,0.78,2.02,50.0,70.0,0.71,2.23,56.0,75.0,3.1,4.3,33.9,31.3,939.3,940.1,17.0,24.0
2025-06-28 13:00:00+00:00,0.63,2.19,72.0,66.0,0.62,2.95,72.0,75.0,1.9,3.7,33.4,30.5,939.0,939.7,19.0,27.0
2025-06-28 14:00:00+00:00,0.92,1.89,77.0,58.0,1.1,3.88,80.0,74.0,1.4,3.5,32.2,28.1,938.8,939.5,23.0,38.0
2025-06-28 15:00:00+00:00,1.4,1.71,86.0,83.0,2.08,4.4,82.0,78.0,2.1,3.0,29.9,25.8,938.9,939.3,28.0,49.0
2025-06-28 16:00:00+00:00,1.88,1.87,115.0,106.0,3.76,4.9,97.0,88.0,3.1,2.9,27.8,23.8,938.7,939.3,33.0,62.0
2025-06-28 17:00:00+00:00,1.75,1.71,121.0,111.0,4.74,4.71,108.0,86.0,3.2,3.0,26.4,22.7,938.4,939.0,35.0,69.0
2025-06-28 18:00:00+00:00,1.57,1.44,117.0,124.0,4.28,3.47,110.0,74.0,2.8,2.3,23.9,21.3,937.9,939.9,45.0,84.0
2025-06-28 19:00:00+00:00,1.92,1.62,99.0,112.0,5.0,4.23,91.0,77.0,3.2,2.5,23.3,20.9,937.5,939.7,48.0,85.0
2025-06-28 20:00:00+00:00,2.21,2.78,95.0,300.0,6.58,4.25,87.0,352.0,4.0,4.3,23.2,20.8,937.5,940.6,50.0,84.0
2025-06-28 21:00:00+00:00,2.83,2.11,262.0,265.0,3.06,4.37,277.0,344.0,4.6,4.4,22.7,20.8,938.8,941.6,55.0,80.0
2025-06-28 22:00:00+00:00,6.16,2.51,223.0,185.0,12.02,1.98,246.0,189.0,10.7,4.6,22.5,20.6,940.4,941.9,60.0,78.0
2025-06-28 23:00:00+00:00,5.11,1.02,239.0,79.0,10.7,1.19,254.0,81.0,11.0,3.9,22.4,20.4,941.3,942.2,57.0,79.0
2025-06-29 00:00:00+00:00,3.13,3.23,277.0,106.0,6.32,5.08,294.0,130.0,8.6,9.9,22.4,20.3,942.2,942.3,56.0,75.0
2025-06-29 01:00:00+00:00,2.58,2.33,126.0,59.0,3.51,4.17,117.0,99.0,4.9,5.1,22.2,20.8,942.1,942.6,58.0,75.0
2025-06-29 02:00:00+00:00,2.78,3.2,120.0,76.0,3.84,5.43,128.0,97.0,9.4,5.3,24.0,22.3,942.6,942.5,49.0,66.0
2025-06-29 03:00:00+00:00,3.51,4.11,70.0,64.0,3.92,5.4,77.0,78.0,6.2,6.9,25.6,24.3,942.8,942.5,44.0,55.0
2025-06-29 04:00:00+00:00,5.13,5.22,57.0,58.0,5.88,6.19,60.0,61.0,10.5,8.9,26.4,25.7,943.0,942.6,43.0,49.0
2025-06-29 05:00:00+00:00,5.19,4.96,65.0,62.0,5.84,5.61,67.0,65.0,9.1,9.0,28.7,27.4,942.9,942.6,36.0,43.0
2025-06-29 06:00:00+00:00,4.28,1.97,53.0,300.0,4.57,2.28,55.0,295.0,9.2,4.5,31.3,31.3,942.0,941.5,28.0,25.0
2025-06-29 07:00:00+00:00,2.94,3.32,35.0,286.0,3.02,3.54,36.0,284.0,7.5,5.8,32.7,32.6,941.5,941.1,23.0,21.0
2025-06-29 08:00:00+00:00,2.38,3.54,15.0,286.0,2.4,3.83,12.0,283.0,5.5,6.2,33.6,33.6,940.9,940.5,20.0,17.0
2025-06-29 09:00:00+00:00,2.61,3.96,356.0,286.0,2.76,4.23,354.0,283.0,5.1,6.8,34.1,34.2,940.3,940.0,17.0,15.0
2025-06-29 10:00:00+00:00,2.62,3.21,342.0,274.0,2.7,3.53,341.0,272.0,5.1,6.7,34.4,34.6,939.7,939.5,15.0,13.0
2025-06-29 11:00:00+00:00,3.0,3.72,330.0,276.0,3.29,4.13,330.0,274.0,5.6,6.4,34.2,34.4,939.2,939.1,13.0,12.0
2025-06-29 12:00:00+00:00,2.25,1.92,21.0,321.0,2.51,2.08,21.0,319.0,5.6,4.4,33.0,33.7,938.9,938.5,17.0,14.0
2025-06-29 13:00:00+00:00,1.77,2.48,16.0,320.0,2.02,2.99,14.0,319.0,4.4,4.3,32.4,33.1,938.9,938.7,18.0,14.0
2025-06-29 14:00:00+00:00,0.85,2.0,339.0,360.0,1.43,3.16,344.0,344.0,3.1,4.3,31.3,31.4,938.9,938.9,22.0,23.0
2025-06-29 15:00:00+00:00,0.2,2.33,180.0,313.0,0.49,6.11,360.0,319.0,1.3,3.8,29.7,29.6,938.8,939.4,30.0,30.0
2025-06-29 16:00:00+00:00,0.94,3.4,122.0,284.0,1.63,6.18,123.0,311.0,1.4,5.6,28.1,28.0,938.8,940.3,36.0,28.0
2025-06-29 17:00:00+00:00,0.82,3.3,194.0,256.0,1.71,5.64,156.0,287.0,1.5,5.6,26.2,26.5,938.8,940.8,43.0,33.0
2025-06-29 18:00:00+00:00,4.31,4.55,226.0,237.0,10.19,10.39,252.0,259.0,7.1,7.6,25.1,24.9,939.0,939.8,34.0,32.0
2025-06-29 19:00:00+00:00,6.52,4.83,234.0,243.0,14.04,10.41,250.0,266.0,11.0,8.4,24.9,24.2,939.4,940.0,33.0,34.0
2025-06-29 20:00:00+00:00,5.1,4.22,235.0,239.0,10.53,8.65,255.0,265.0,11.0,8.2,24.1,23.0,939.6,940.0,39.0,39.0
2025-06-29 21:00:00+00:00,4.0,4.16,233.0,235.0,9.05,9.25,252.0,257.0,8.4,7.1,23.3,22.1,939.7,940.2,42.0,42.0
2025-06-29 22:00:00+00:00,3.34,3.89,231.0,226.0,8.33,8.5,252.0,249.0,6.7,7.0,22.6,21.6,939.8,940.2,45.0,43.0
2025-06-29 23:00:00+00:00,2.8,2.97,215.0,222.0,6.88,7.54,244.0,242.0,5.4,6.4,22.3,21.2,939.9,940.4,45.0,44.0
2025-06-30 00:00:00+00:00,2.69,2.36,222.0,216.0,7.68,6.31,240.0,242.0,6.6,4.3,21.5,21.6,940.7,940.7,48.0,45.0
2025-06-30 01:00:00+00:00,2.12,2.16,225.0,214.0,5.76,5.49,238.0,239.0,4.5,3.8,22.9,22.9,941.0,941.0,44.0,42.0
2025-06-30 02:00:00+00:00,2.38,2.66,248.0,236.0,3.47,4.47,248.0,241.0,4.3,4.6,24.9,24.8,941.5,941.2,38.0,37.0
2025-06-30 03:00:00+00:00,2.6,3.06,272.0,259.0,2.84,3.4,270.0,258.0,5.1,5.4,26.6,26.2,941.6,941.2,33.0,35.0
2025-06-30 04:00:00+00:00,2.47,3.24,284.0,279.0,2.71,3.56,283.0,278.0,5.0,5.9,28.2,27.7,941.5,941.1,29.0,29.0
2025-06-30 05:00:00+00:00,3.35,4.4,297.0,291.0,3.59,4.84,296.0,291.0,6.2,7.6,29.8,28.7,941.4,940.9,24.0,27.0
2025-06-30 06:00:00+00:00,4.0,5.5,302.0,297.0,4.49,6.18,302.0,297.0,7.5,9.5,30.6,30.8,941.3,941.1,21.0,21.0
2025-06-30 07:00:00+00:00,4.52,6.08,298.0,297.0,5.13,6.88,299.0,298.0,8.4,10.5,31.7,31.6,941.0,940.7,19.0,20.0
2025-06-30 08:00:00+00:00,4.92,6.35,297.0,296.0,5.7,7.32,297.0,296.0,9.1,11.0,32.5,32.2,940.7,940.4,17.0,19.0
2025-06-30 09:00:00+00:00,5.19,6.45,295.0,294.0,6.05,7.54,295.0,295.0,9.6,11.2,32.9,32.6,940.4,940.2,16.0,19.0
2025-06-30 10:00:00+00:00,5.02,6.45,293.0,289.0,5.97,7.59,293.0,290.0,9.6,11.2,32.9,32.6,940.0,940.1,16.0,18.0
2025-06-30 11:00:00+00:00,5.2,6.36,293.0,283.0,6.41,7.68,293.0,284.0,9.6,11.1,32.5,32.3,939.4,939.7,17.0,19.0
2025-06-30 12:00:00+00:00,5.38,6.36,288.0,289.0,7.37,8.5,289.0,291.0,10.4,11.2,31.6,32.0,939.2,939.0,18.0,20.0
2025-06-30 13:00:00+00:00,4.73,5.76,276.0,287.0,6.96,8.3,280.0,289.0,9.7,11.2,30.6,31.3,939.6,939.4,20.0,20.0
2025-06-30 14:00:00+00:00,3.42,3.57,249.0,281.0,6.88,6.82,259.0,291.0,8.4,9.9,29.1,30.3,939.7,939.6,24.0,21.0
2025-06-30 15:00:00+00:00,2.9,2.5,224.0,270.0,6.79,6.62,245.0,299.0,5.9,5.9,27.0,28.1,940.1,940.1,29.0,25.0
2025-06-30 16:00:00+00:00,2.42,2.28,210.0,241.0,6.22,5.3,237.0,298.0,4.9,4.1,25.7,26.1,940.3,940.5,31.0,31.0
2025-06-30 17:00:00+00:00,2.06,2.69,209.0,222.0,5.82,5.01,237.0,274.0,4.0,4.5,24.6,24.9,940.4,940.9,34.0,34.0
2025-06-30 18:00:00+00:00,1.97,2.62,210.0,220.0,5.48,6.63,243.0,254.0,3.5,4.2,24.2,25.1,939.9,940.3,38.0,36.0
2025-06-30 19:00:00+00:00,1.92,2.69,219.0,225.0,5.63,6.92,257.0,254.0,3.4,4.5,23.6,24.6,940.0,940.5,41.0,38.0
2025-06-30 20:00:00+00:00,1.84,2.55,221.0,225.0,5.23,7.04,264.0,254.0,3.2,4.5,23.0,23.8,939.9,940.6,44.0,40.0
2025-06-30 21:00:00+00:00,1.97,2.55,204.0,228.0,4.77,7.11,251.0,258.0,3.3,4.2,22.4,22.9,940.2,940.8,45.0,43.0
2025-06-30 22:00:00+00:00,1.86,2.48,216.0,223.0,5.3,6.65,258.0,256.0,3.3,4.1,22.0,22.3,940.4,940.9,46.0,45.0
2025-06-30 23:00:00+00:00,1.98,2.39,221.0,213.0,5.61,6.2,265.0,249.0,3.4,4.1,21.3,21.6,940.7,941.3,48.0,45.0
