time_local,mean,p10,p50,p90,forecast,lead_day,pc_baseline,ens_ws_mean,ens_ws_std,n_models
2026-02-01 00:00:00,0.09817706003575517,0.006961268709057475,0.009949045520877142,0.1827311372520267,0.09817706003575517,1,0.02393356339729607,3.6666666666666665,2.9542229660831856,3
2026-02-01 01:00:00,0.10169446457301261,0.006016424785104362,0.009916050061228516,0.14774353786162076,0.10169446457301261,1,0.046925148309803585,4.146666666666666,3.3965619872649655,3
2026-02-01 02:00:00,0.09790539098986474,0.010945377284517598,0.011871551198247125,0.15405294227742652,0.09790539098986474,1,0.0718450402396187,4.523333333333333,4.173875097955536,3
2026-02-01 03:00:00,0.09487345669705305,0.004380196598185269,0.009879926185093129,0.20109068011854733,0.09487345669705305,1,0.035690811900957985,3.9266666666666663,5.277928886725676,3
2026-02-01 04:00:00,0.08678201885836348,0.007460501608345909,0.009931378012663345,0.22405105379208445,0.08678201885836348,1,0.029944165543218042,3.8033333333333332,5.696528182440015,3
2026-02-01 05:00:00,0.0881802169394919,0.009942379097116974,0.022798254743603842,0.2670655053607402,0.0881802169394919,1,0.03202545306831982,3.8499999999999996,5.499918181209607,3
2026-02-01 06:00:00,0.10387741028452184,0.00904664430470336,0.019793041606837466,0.2259451585395222,0.10387741028452184,1,0.04119667171349554,4.036666666666667,5.571465994990308,3
2026-02-01 07:00:00,0.11728611463310197,0.01004013780756066,0.02517725651790261,0.35589504466550037,0.11728611463310197,1,0.09358759209572277,4.8133333333333335,5.221669592509022,3
2026-02-01 08:00:00,0.15167478101245402,0.016681838213634153,0.0630434334255916,0.4551102533416693,0.15167478101245402,1,0.2556162866542515,6.416666666666667,4.205761920667091,3
2026-02-01 09:00:00,0.17707424938588306,0.004027524608439114,0.10182146048893603,0.48794453557722733,0.17707424938588306,1,0.3171766311250098,6.89,3.226561637409086,3
2026-02-01 10:00:00,0.25842372174562817,0.0,0.15536103628339737,0.7088762248362316,0.25842372174562817,1,0.4546673874286003,7.6933333333333325,2.904226804733634,3
2026-02-01 11:00:00,0.23867615134820555,0.011958168816510278,0.16521479215104506,0.7592430095157172,0.23867615134820555,1,0.5024253415370232,7.966666666666666,3.6995450170707933,3
2026-02-01 12:00:00,0.32404789394957045,0.017574725929059246,0.26256352428960733,0.8119983850526546,0.32404789394957045,1,0.5279596941665907,8.073333333333332,3.496231304323748,3
2026-02-01 13:00:00,0.3806578694679546,0.04066431198785589,0.28550564466184813,0.8290138765376928,0.3806578694679546,1,0.4968343384370296,7.94,3.15220557705236,3
2026-02-01 14:00:00,0.5109362221398355,0.053724155468449455,0.45188686531718864,0.8303828788392468,0.5109362221398355,1,0.4982320892120283,7.946666666666668,2.9535797489374374,3
2026-02-01 15:00:00,0.4245187953699368,0.032487591938839606,0.34990657425879523,0.7865808200725398,0.4245187953699368,1,0.4890135395889115,7.896666666666666,2.795037268684146,3
2026-02-01 16:00:00,0.3870988433473981,0.03195184362068775,0.2826674927145088,0.7818630985239292,0.3870988433473981,1,0.5395418779809731,8.13,2.7222968243745944,3
2026-02-01 17:00:00,0.27473051005111365,0.01801870628705389,0.23026144976708815,0.6435253433274775,0.27473051005111365,1,0.43556916650981675,7.580000000000001,3.899782045191756,3
2026-02-01 18:00:00,0.2593814267648134,0.017428731175442243,0.25033456104273827,0.6160882697960433,0.2593814267648134,1,0.4306027260817641,7.546666666666667,3.6921583570228043,3
2026-02-01 19:00:00,0.2712812452904549,0.02247621394176016,0.21048898417203718,0.6460083014441329,0.2712812452904549,1,0.4575268531296004,7.71,3.527392804891454,3
2026-02-01 20:00:00,0.29371178626269884,0.024118432563648904,0.234356036337527,0.6604092755392343,0.29371178626269884,1,0.5173146595445097,8.026666666666666,3.414854804136383,3
2026-02-01 21:00:00,0.29872285658705294,0.02543157671047658,0.24107876518770874,0.6989870710311422,0.29872285658705294,1,0.5598917561622166,8.24,3.520752760419283,3
2026-02-01 22:00:00,0.29036558517898164,0.021620178167913343,0.21212309362135504,0.6964891139971524,0.29036558517898164,1,0.5750545719710414,8.313333333333334,3.407892799565933,3
2026-02-01 23:00:00,0.2810314304927601,0.026331528164979554,0.1437375171353094,0.6399570659029344,0.2810314304927601,1,0.4466479836205328,7.646666666666666,4.2742991628258,3
2026-02-02 00:00:00,0.17559135244589408,0.013127394597761868,0.09710667428934515,0.5988483726547162,0.17559135244589408,2,0.3514756636188455,7.09,4.88076838213001,3
2026-02-02 01:00:00,0.18644775669892474,0.012872444907686725,0.12051366409897393,0.6146162492564062,0.18644775669892474,2,0.360772728103559,7.146666666666667,5.0888538329699875,3
2026-02-02 02:00:00,0.2004637923640471,0.01382812761334007,0.13287473886177512,0.6466639159711743,0.2004637923640471,2,0.38377213391168924,7.273333333333333,5.280003156564713,3
2026-02-02 03:00:00,0.27738607643368246,0.026313715621603603,0.18310432431485824,0.7501370413062115,0.27738607643368246,2,0.4859042139976641,7.876666666666668,5.320322671918812,3
2026-02-02 04:00:00,0.40686536609011276,0.0849911928985704,0.3737633540443877,0.8529119539248811,0.40686536609011276,2,0.6134293738407139,8.540000000000001,5.221503614860379,3
2026-02-02 05:00:00,0.5702187695158154,0.2661127186641017,0.6117076663536531,0.9359623855914416,0.5702187695158154,2,0.9741081676332893,11.303333333333333,0.4110150037812896,3
2026-02-02 06:00:00,0.5383324575070151,0.33596624342517606,0.6568686017920645,0.9599939526625247,0.5383324575070151,2,0.983835036080507,11.793333333333331,0.4271221527073171,3
2026-02-02 07:00:00,0.5225708047964713,0.2734042487510739,0.566001399977886,0.9592459506417192,0.5225708047964713,2,0.9846962767630417,11.863333333333332,0.814022931699921,3
2026-02-02 08:00:00,0.5645474174071965,0.2724763489884078,0.60055115931389,0.9692862452589247,0.5645474174071965,2,0.98717999878028,12.07,1.1121600604229596,3
2026-02-02 09:00:00,0.6310201075564633,0.3428442866573058,0.6203904055093038,0.9756891119444212,0.6310201075564633,2,0.9838350360805072,11.793333333333335,0.7437965671696353,3
2026-02-02 10:00:00,0.7088765489893739,0.3704368883720016,0.7246743789838918,0.979627000784194,0.7088765489893739,2,0.9818650116807909,11.613333333333335,0.7919806394940048,3
2026-02-02 11:00:00,0.8114911527565493,0.47917271440890435,0.8869766462327221,0.9855585056273739,0.8114911527565493,2,0.9889737225396635,12.410000000000002,1.1601293031382323,3
2026-02-02 12:00:00,0.8669903549085172,0.5277031516665385,0.9671330909662506,0.986125549859253,0.8669903549085172,2,0.989594687630762,12.683333333333332,1.2986659822037898,3
2026-02-02 13:00:00,0.888217165564834,0.5649996083746184,0.9722967800974426,0.9873018499816598,0.888217165564834,2,0.989994335293646,12.856666666666667,0.8504312631443728,3
2026-02-02 14:00:00,0.9007584011982215,0.5180157444103899,0.9728483345588124,0.9873624118183869,0.9007584011982215,2,0.9892853059548409,12.536666666666667,0.6087966272355108,3
2026-02-02 15:00:00,0.8134975814069034,0.46548218902462973,0.9248242636836731,0.9875971433330039,0.8134975814069034,2,0.9822220526360154,11.64,0.1509966887054145,3
2026-02-02 16:00:00,0.5880080981121146,0.20295133234944837,0.6250835983510138,0.9730428269710776,0.5880080981121146,2,0.8439164469381422,9.719999999999999,1.9485635735074183,3
2026-02-02 17:00:00,0.6382050628270421,0.15844653297293826,0.6382736720080229,0.9391581631269931,0.6382050628270421,2,0.8466973322293745,9.74,0.9885342685005916,3
2026-02-02 18:00:00,0.3715790805757967,0.04753004635093732,0.36867137637993613,0.8180964718529714,0.3715790805757967,2,0.5188440806095688,8.033333333333333,0.8857388629462601,3
2026-02-02 19:00:00,0.3780572516678017,0.030516658165835816,0.3554106911560238,0.6371906877845032,0.3780572516678017,2,0.30172942637160266,6.786666666666666,0.7198842499550417,3
2026-02-02 20:00:00,0.2857051189534739,0.02011487716288983,0.23900002917135466,0.5586427478981522,0.2857051189534739,2,0.19750249948836351,5.923333333333333,1.1662046704302524,3
2026-02-02 21:00:00,0.23381394502360228,0.023223473473976318,0.18399727785694686,0.4977369989654194,0.23381394502360228,2,0.18757982852945962,5.82,1.5462212002168383,3
2026-02-02 22:00:00,0.21402200721905534,0.012345700218776765,0.1274946856372987,0.46758004409470766,0.21402200721905534,2,0.18213522505252724,5.766666666666667,1.812355741385596,3
2026-02-02 23:00:00,0.1718484300845881,0.014944688927338481,0.1151825518090988,0.44374710479911544,0.1718484300845881,2,0.0969180190768518,4.8566666666666665,1.2638169698707693,3
